[
  {
    "id": "735672f3-4a21-493c-a84e-f6848338c480",
    "data": [
      {
        "text": "Avanti",
        "userDefined": false
      }
    ],
    "isTemplate": false,
    "count": 0,
    "lang": "it",
    "updated": 0
  },
  {
    "id": "75254178-0668-4d1b-9bf6-e6901db7628b",
    "data": [
      {
        "text": "Fai pure",
        "userDefined": false
      }
    ],
    "isTemplate": false,
    "count": 0,
    "lang": "it",
    "updated": 0
  },
  {
    "id": "859aea53-d004-44db-80a1-30d12d2b494d",
    "data": [
      {
        "text": "Dai",
        "meta": "@sys.person",
        "alias": "person",
        "userDefined": false
      },
      {
        "text": "\n Sono pronto",
        "userDefined": false
      }
    ],
    "isTemplate": false,
    "count": 0,
    "lang": "it",
    "updated": 0
  },
  {
    "id": "23f08b02-2a98-4695-bc3d-2bf9cebc9bcd",
    "data": [
      {
        "text": "Certo",
        "userDefined": false
      }
    ],
    "isTemplate": false,
    "count": 0,
    "lang": "it",
    "updated": 0
  },
  {
    "id": "5487b682-15a2-45fd-a4a0-21d9ddd6eae0",
    "data": [
      {
        "text": "Certamente",
        "meta": "@sys.location",
        "alias": "location",
        "userDefined": false
      }
    ],
    "isTemplate": false,
    "count": 0,
    "lang": "it",
    "updated": 0
  },
  {
    "id": "38939f24-13bf-45a1-8234-599c32b35e6a",
    "data": [
      {
        "text": "Andiamo",
        "meta": "@sys.location",
        "alias": "location",
        "userDefined": false
      }
    ],
    "isTemplate": false,
    "count": 0,
    "lang": "it",
    "updated": 0
  },
  {
    "id": "38f5a5c9-d3aa-4671-96fc-47a4a26f5361",
    "data": [
      {
        "text": "Continua",
        "userDefined": false
      }
    ],
    "isTemplate": false,
    "count": 0,
    "lang": "it",
    "updated": 0
  },
  {
    "id": "06cacbfe-b720-477c-91c0-596d8b4428cb",
    "data": [
      {
        "text": "Dimmi pure",
        "userDefined": false
      }
    ],
    "isTemplate": false,
    "count": 0,
    "lang": "it",
    "updated": 0
  },
  {
    "id": "5c4a20cf-2d8a-461f-946f-5aa457756969",
    "data": [
      {
        "text": "Procedi",
        "userDefined": false
      }
    ],
    "isTemplate": false,
    "count": 0,
    "lang": "it",
    "updated": 0
  },
  {
    "id": "b2c06370-378e-4538-b5d2-b5169ec47239",
    "data": [
      {
        "text": "Perfetto",
        "userDefined": false
      }
    ],
    "isTemplate": false,
    "count": 0,
    "lang": "it",
    "updated": 0
  },
  {
    "id": "7db3218a-04bd-4e82-814a-64055a3f2aef",
    "data": [
      {
        "text": "Va bene",
        "userDefined": false
      }
    ],
    "isTemplate": false,
    "count": 0,
    "lang": "it",
    "updated": 0
  },
  {
    "id": "24f831fe-12c0-463e-b29d-bb4b5738ba65",
    "data": [
      {
        "text": "Ok",
        "meta": "@sys.music-artist",
        "alias": "music-artist",
        "userDefined": false
      }
    ],
    "isTemplate": false,
    "count": 0,
    "lang": "it",
    "updated": 0
  },
  {
    "id": "9addec5e-6201-44ff-9c8a-f6897f71241c",
    "data": [
      {
        "text": "buona idea",
        "userDefined": false
      }
    ],
    "isTemplate": false,
    "count": 0,
    "lang": "it",
    "updated": 0
  },
  {
    "id": "a699bb5d-0b71-4c5b-86e6-9cea2b630875",
    "data": [
      {
        "text": "certo",
        "userDefined": false
      }
    ],
    "isTemplate": false,
    "count": 0,
    "lang": "it",
    "updated": 0
  },
  {
    "id": "d4562607-ac3c-4f9a-8136-33dfdd7787a7",
    "data": [
      {
        "text": "certamente",
        "userDefined": false
      }
    ],
    "isTemplate": false,
    "count": 0,
    "lang": "it",
    "updated": 0
  },
  {
    "id": "352cd457-449e-4958-95a2-431a9621cb35",
    "data": [
      {
        "text": "d\u0027accordo",
        "userDefined": false
      }
    ],
    "isTemplate": false,
    "count": 0,
    "lang": "it",
    "updated": 0
  },
  {
    "id": "5833da9f-967f-4a0e-92b8-5b29646ff62d",
    "data": [
      {
        "text": "confermo",
        "userDefined": false
      }
    ],
    "isTemplate": false,
    "count": 0,
    "lang": "it",
    "updated": 0
  },
  {
    "id": "8e8b1a62-7597-4a69-87af-c5404efba634",
    "data": [
      {
        "text": "sì",
        "userDefined": false
      }
    ],
    "isTemplate": false,
    "count": 0,
    "lang": "it",
    "updated": 0
  },
  {
    "id": "057e746e-61e0-4fd7-b0d7-4c2de9228a77",
    "data": [
      {
        "text": "esatto",
        "userDefined": false
      }
    ],
    "isTemplate": false,
    "count": 0,
    "lang": "it",
    "updated": 0
  },
  {
    "id": "06683c77-40a0-4f35-ae23-ebc054639b75",
    "data": [
      {
        "text": "fallo",
        "userDefined": false
      }
    ],
    "isTemplate": false,
    "count": 0,
    "lang": "it",
    "updated": 0
  }
]