[
  {
    "id": "58d04bc2-08a6-4bbf-a91f-582637075841",
    "data": [
      {
        "text": "Hello",
        "userDefined": false
      }
    ],
    "isTemplate": false,
    "count": 0,
    "lang": "it",
    "updated": 0
  },
  {
    "id": "fcfe6d1e-6826-4181-876d-465ac531c704",
    "data": [
      {
        "text": "Hi",
        "meta": "@sys.language",
        "alias": "language",
        "userDefined": false
      }
    ],
    "isTemplate": false,
    "count": 0,
    "lang": "it",
    "updated": 0
  },
  {
    "id": "3dcb7172-36e8-436d-be3f-cd9944a48820",
    "data": [
      {
        "text": "buonasera",
        "userDefined": false
      }
    ],
    "isTemplate": false,
    "count": 0,
    "lang": "it",
    "updated": 0
  },
  {
    "id": "bd3be99d-f42e-40af-bad9-8797aa5b19ab",
    "data": [
      {
        "text": "buona sera",
        "userDefined": false
      }
    ],
    "isTemplate": false,
    "count": 0,
    "lang": "it",
    "updated": 0
  },
  {
    "id": "4d0730f7-60a7-4bf0-ac34-da3807342057",
    "data": [
      {
        "text": "buonpomeriggio",
        "userDefined": false
      }
    ],
    "isTemplate": false,
    "count": 0,
    "lang": "it",
    "updated": 0
  },
  {
    "id": "70d2ad46-c083-430b-80aa-def4b2b8bf82",
    "data": [
      {
        "text": "buongiorno",
        "userDefined": false
      }
    ],
    "isTemplate": false,
    "count": 1,
    "lang": "it",
    "updated": 0
  },
  {
    "id": "ab6f0b9c-78a9-437e-a2cf-b52b98c9e7a4",
    "data": [
      {
        "text": "Cosa puoi fare?",
        "userDefined": false
      }
    ],
    "isTemplate": false,
    "count": 0,
    "lang": "it",
    "updated": 0
  },
  {
    "id": "c87f317a-72cc-45d1-b5ef-a347d7651e8b",
    "data": [
      {
        "text": "Come funziona?",
        "userDefined": false
      }
    ],
    "isTemplate": false,
    "count": 0,
    "lang": "it",
    "updated": 0
  },
  {
    "id": "692e7a58-0490-4832-97b7-22861004d884",
    "data": [
      {
        "text": "Mi",
        "meta": "@sys.unit-length-name",
        "alias": "unit-length-name",
        "userDefined": false
      },
      {
        "text": " servirebbe aiuto",
        "userDefined": false
      }
    ],
    "isTemplate": false,
    "count": 0,
    "lang": "it",
    "updated": 0
  },
  {
    "id": "4e8b3b0d-bbb8-4b50-bce3-001b6e3b366b",
    "data": [
      {
        "text": "Help",
        "userDefined": false
      }
    ],
    "isTemplate": false,
    "count": 0,
    "lang": "it",
    "updated": 0
  },
  {
    "id": "3c5548d3-e31d-4d4f-af83-bd1caf17a14c",
    "data": [
      {
        "text": "eii",
        "userDefined": false
      }
    ],
    "isTemplate": false,
    "count": 0,
    "lang": "it",
    "updated": 0
  },
  {
    "id": "4e6f4acd-1d44-4ddb-a7bb-424bf3777e7c",
    "data": [
      {
        "text": "ciao",
        "userDefined": false
      }
    ],
    "isTemplate": false,
    "count": 4,
    "lang": "it",
    "updated": 0
  },
  {
    "id": "43483c1e-413a-429c-995a-ca3447ec4196",
    "data": [
      {
        "text": "ciao ciao",
        "userDefined": false
      }
    ],
    "isTemplate": false,
    "count": 0,
    "lang": "it",
    "updated": 0
  },
  {
    "id": "d92d08f9-d2d8-4aba-aa78-670f21f18406",
    "data": [
      {
        "text": "ciao bello",
        "userDefined": false
      }
    ],
    "isTemplate": false,
    "count": 0,
    "lang": "it",
    "updated": 0
  },
  {
    "id": "60a43299-7864-44fc-8979-d900c8d11d15",
    "data": [
      {
        "text": "ciao bella",
        "userDefined": false
      }
    ],
    "isTemplate": false,
    "count": 0,
    "lang": "it",
    "updated": 0
  },
  {
    "id": "a9ad7480-4b89-4614-8f31-fb4e6ec48001",
    "data": [
      {
        "text": "ciao caro",
        "userDefined": false
      }
    ],
    "isTemplate": false,
    "count": 0,
    "lang": "it",
    "updated": 0
  },
  {
    "id": "bc760947-bf42-4ecf-99cb-5e10e0993a4e",
    "data": [
      {
        "text": "ciao cara",
        "userDefined": false
      }
    ],
    "isTemplate": false,
    "count": 0,
    "lang": "it",
    "updated": 0
  },
  {
    "id": "893ae448-fae9-4b56-ba08-6e132d497afa",
    "data": [
      {
        "text": "salve",
        "userDefined": false
      }
    ],
    "isTemplate": false,
    "count": 0,
    "lang": "it",
    "updated": 0
  },
  {
    "id": "c003b508-de7f-4f0b-8220-42152f4ecc79",
    "data": [
      {
        "text": "ehi",
        "userDefined": false
      }
    ],
    "isTemplate": false,
    "count": 0,
    "lang": "it",
    "updated": 0
  },
  {
    "data": [
      {
        "text": "\u003cb\u003eciao\u003c/b\u003e",
        "userDefined": false
      }
    ],
    "isTemplate": false,
    "count": 0,
    "lang": "it",
    "updated": 0
  },
  {
    "data": [
      {
        "text": "\"ciao\"",
        "userDefined": false
      }
    ],
    "isTemplate": false,
    "count": 0,
    "lang": "it",
    "updated": 0
  },
  {
    "data": [
      {
        "text": "Ciao, di cosa puoi parlarmi?",
        "userDefined": false
      }
    ],
    "isTemplate": false,
    "count": 0,
    "lang": "it",
    "updated": 0
  }
]