[
  {
    "id": "ec28c695-5e63-4b6a-bf71-08394571bcc4",
    "data": [
      {
        "text": "Come passare argomenti ",
        "userDefined": false
      },
      {
        "text": "con",
        "meta": "@Chapter",
        "alias": "chapter",
        "userDefined": false
      },
      {
        "text": " execvp?",
        "userDefined": false
      }
    ],
    "isTemplate": false,
    "count": 0,
    "lang": "it",
    "updated": 0
  },
  {
    "id": "6e3e9182-6eb7-488d-a12f-550ce4684b13",
    "data": [
      {
        "text": "Perché dopo exec non si ritorna ",
        "userDefined": false
      },
      {
        "text": "al",
        "meta": "@sys.color",
        "alias": "color",
        "userDefined": false
      },
      {
        "text": " codice?",
        "userDefined": false
      }
    ],
    "isTemplate": false,
    "count": 0,
    "lang": "it",
    "updated": 0
  },
  {
    "id": "074b6fd6-b1da-4c64-a791-3a7cd4904607",
    "data": [
      {
        "text": "Come sostituire ",
        "userDefined": false
      },
      {
        "text": "l\u0027",
        "meta": "@Chapter",
        "alias": "chapter",
        "userDefined": false
      },
      {
        "text": "immagine ",
        "userDefined": false
      },
      {
        "text": "di",
        "meta": "@Chapter",
        "alias": "chapter",
        "userDefined": false
      },
      {
        "text": " un ",
        "userDefined": false
      },
      {
        "text": "processo",
        "meta": "@Chapter",
        "alias": "chapter",
        "userDefined": false
      },
      {
        "text": "?",
        "userDefined": false
      }
    ],
    "isTemplate": false,
    "count": 0,
    "lang": "it",
    "updated": 0
  },
  {
    "id": "8ba12dc6-691e-4dfc-8b16-304f34f671d3",
    "data": [
      {
        "text": "Qual è la differenza tra execl e execv?",
        "userDefined": false
      }
    ],
    "isTemplate": false,
    "count": 0,
    "lang": "it",
    "updated": 0
  },
  {
    "id": "bc160682-dc6f-4231-99ee-e479f3fa8cc4",
    "data": [
      {
        "text": "A cosa servono le ",
        "userDefined": false
      },
      {
        "text": "primitive della",
        "meta": "@Chapter",
        "alias": "chapter",
        "userDefined": false
      },
      {
        "text": " famiglia exec?",
        "userDefined": false
      }
    ],
    "isTemplate": false,
    "count": 0,
    "lang": "it",
    "updated": 0
  }
]