[
  {
    "id": "8611b8e7-cf42-438b-9dde-2de78040b412",
    "data": [
      {
        "text": "Come visualizzare ",
        "userDefined": false
      },
      {
        "text": "l\u0027",
        "meta": "@Chapter",
        "alias": "chapter",
        "userDefined": false
      },
      {
        "text": "albero",
        "meta": "@sys.last-name",
        "alias": "last-name",
        "userDefined": false
      },
      {
        "text": " dei ",
        "userDefined": false
      },
      {
        "text": "processi",
        "meta": "@Chapter",
        "alias": "chapter",
        "userDefined": false
      },
      {
        "text": "?",
        "userDefined": false
      }
    ],
    "isTemplate": false,
    "count": 0,
    "lang": "it",
    "updated": 0
  },
  {
    "id": "4db2fd0e-76e3-4704-84ce-247f0ae0d67d",
    "data": [
      {
        "text": "Come filtrare i ",
        "userDefined": false
      },
      {
        "text": "processi",
        "meta": "@Chapter",
        "alias": "chapter",
        "userDefined": false
      },
      {
        "text": " ",
        "userDefined": false
      },
      {
        "text": "per",
        "meta": "@Chapter",
        "alias": "chapter",
        "userDefined": false
      },
      {
        "text": " utente?",
        "userDefined": false
      }
    ],
    "isTemplate": false,
    "count": 0,
    "lang": "it",
    "updated": 0
  },
  {
    "id": "5b1e7741-a374-45ee-ae29-965db3ad7ebd",
    "data": [
      {
        "text": "Cosa significa ps -lfe?",
        "userDefined": false
      }
    ],
    "isTemplate": false,
    "count": 0,
    "lang": "it",
    "updated": 0
  },
  {
    "id": "147337fd-289a-4f7a-90f0-c2f37d9f9d8a",
    "data": [
      {
        "text": "Come vedere i ",
        "userDefined": false
      },
      {
        "text": "processi",
        "meta": "@Chapter",
        "alias": "chapter",
        "userDefined": false
      },
      {
        "text": " attivi?",
        "userDefined": false
      }
    ],
    "isTemplate": false,
    "count": 0,
    "lang": "it",
    "updated": 0
  },
  {
    "data": [
      {
        "text": "Come posso visualizzare i ",
        "userDefined": false
      },
      {
        "text": "processi",
        "meta": "@Chapter",
        "alias": "chapter",
        "userDefined": false
      },
      {
        "text": " attivi sul ",
        "userDefined": false
      },
      {
        "text": "sistema",
        "meta": "@Chapter",
        "alias": "chapter",
        "userDefined": false
      },
      {
        "text": "?",
        "userDefined": false
      }
    ],
    "isTemplate": false,
    "count": 0,
    "lang": "it",
    "updated": 0
  },
  {
    "data": [
      {
        "text": "Col comando ps aux",
        "userDefined": false
      },
      {
        "text": ",",
        "meta": "@Chapter",
        "alias": "chapter",
        "userDefined": false
      },
      {
        "text": " quali ",
        "userDefined": false
      },
      {
        "text": "informazioni ottengo?",
        "meta": "@Chapter",
        "alias": "chapter",
        "userDefined": false
      }
    ],
    "isTemplate": false,
    "count": 0,
    "lang": "it",
    "updated": 0
  }
]