[
  {
    "id": "44098f26-1894-44c4-9cf0-d94a6ba6a244",
    "data": [
      {
        "text": "Come si è sviluppato ",
        "userDefined": false
      },
      {
        "text": "UNIX",
        "meta": "@sys.location",
        "alias": "location",
        "userDefined": false
      },
      {
        "text": " dagli inizi ad ",
        "userDefined": false
      },
      {
        "text": "oggi",
        "meta": "@sys.date-time",
        "alias": "date-time",
        "userDefined": false
      },
      {
        "text": "?",
        "userDefined": false
      }
    ],
    "isTemplate": false,
    "count": 0,
    "lang": "it",
    "updated": 0
  },
  {
    "id": "ba7e2d11-3803-4adc-8cee-5c2b52726eb0",
    "data": [
      {
        "text": "Parlami ",
        "userDefined": false
      },
      {
        "text": "dell",
        "meta": "@Chapter",
        "alias": "chapter",
        "userDefined": false
      },
      {
        "text": "\u0027evoluzione ",
        "userDefined": false
      },
      {
        "text": "di UNIX",
        "meta": "@Chapter",
        "alias": "chapter",
        "userDefined": false
      }
    ],
    "isTemplate": false,
    "count": 0,
    "lang": "it",
    "updated": 0
  },
  {
    "id": "0df57b58-0e60-4233-80f6-31033f8f20a5",
    "data": [
      {
        "text": "Chi ha sviluppato UNIX e ",
        "userDefined": false
      },
      {
        "text": "in",
        "meta": "@sys.unit-length-name",
        "alias": "unit-length-name",
        "userDefined": false
      },
      {
        "text": " che ",
        "userDefined": false
      },
      {
        "text": "anno",
        "meta": "@sys.date",
        "alias": "date",
        "userDefined": false
      },
      {
        "text": "?",
        "userDefined": false
      }
    ],
    "isTemplate": false,
    "count": 0,
    "lang": "it",
    "updated": 0
  },
  {
    "id": "b8485d33-39cc-4d2a-85fa-8a69267b2e70",
    "data": [
      {
        "text": "Quando e come è nato ",
        "userDefined": false
      },
      {
        "text": "UNIX",
        "meta": "@sys.location",
        "alias": "location",
        "userDefined": false
      },
      {
        "text": "?",
        "userDefined": false
      }
    ],
    "isTemplate": false,
    "count": 0,
    "lang": "it",
    "updated": 0
  },
  {
    "id": "5aecc01e-7c83-4a56-9805-712fc5d6e2f2",
    "data": [
      {
        "text": "Qual è la storia ",
        "userDefined": false
      },
      {
        "text": "del",
        "meta": "@Chapter",
        "alias": "chapter",
        "userDefined": false
      },
      {
        "text": " ",
        "userDefined": false
      },
      {
        "text": "sistema operativo",
        "meta": "@Chapter",
        "alias": "chapter",
        "userDefined": false
      },
      {
        "text": " UNIX?",
        "userDefined": false
      }
    ],
    "isTemplate": false,
    "count": 0,
    "lang": "it",
    "updated": 0
  }
]