[
  {
    "id": "4b29d046-0c1a-4832-b661-1d755567394d",
    "data": [
      {
        "text": "A cosa serve ",
        "userDefined": false
      },
      {
        "text": "l\u0027",
        "meta": "@Chapter",
        "alias": "chapter",
        "userDefined": false
      },
      {
        "text": "operazione",
        "meta": "@Chapter",
        "alias": "chapter",
        "userDefined": false
      },
      {
        "text": " SPOSTA a livello logico?",
        "userDefined": false
      }
    ],
    "isTemplate": false,
    "count": 0,
    "lang": "it",
    "updated": 0
  },
  {
    "id": "01bd3a7d-0f53-4da7-9b48-67d4dce9d5c5",
    "data": [
      {
        "text": "Cosa indica EOF a livello logico?",
        "userDefined": false
      }
    ],
    "isTemplate": false,
    "count": 0,
    "lang": "it",
    "updated": 0
  },
  {
    "id": "5c2821e7-20ef-440a-9ec5-9ce3cf9fa35d",
    "data": [
      {
        "text": "Come funziona ",
        "userDefined": false
      },
      {
        "text": "l\u0027",
        "meta": "@Chapter",
        "alias": "chapter",
        "userDefined": false
      },
      {
        "text": "accesso diretto a livello logico?",
        "userDefined": false
      }
    ],
    "isTemplate": false,
    "count": 0,
    "lang": "it",
    "updated": 0
  },
  {
    "id": "79001bd2-e347-440a-ab94-0a11f29704c7",
    "data": [
      {
        "text": "Cos\u0027è il ",
        "userDefined": false
      },
      {
        "text": "file",
        "meta": "@Chapter",
        "alias": "chapter",
        "userDefined": false
      },
      {
        "text": " ",
        "userDefined": false
      },
      {
        "text": "pointer a",
        "meta": "@sys.person",
        "alias": "person",
        "userDefined": false
      },
      {
        "text": " livello logico",
        "userDefined": false
      }
    ],
    "isTemplate": false,
    "count": 0,
    "lang": "it",
    "updated": 0
  },
  {
    "id": "b988e2d7-d7dc-4d17-a602-4acf22e47986",
    "data": [
      {
        "text": "Spiega ",
        "userDefined": false
      },
      {
        "text": "l\u0027",
        "meta": "@Chapter",
        "alias": "chapter",
        "userDefined": false
      },
      {
        "text": "accesso sequenziale ",
        "userDefined": false
      },
      {
        "text": "a un",
        "meta": "@sys.date",
        "alias": "date",
        "userDefined": false
      },
      {
        "text": " ",
        "userDefined": false
      },
      {
        "text": "file",
        "meta": "@Chapter",
        "alias": "chapter1",
        "userDefined": false
      },
      {
        "text": " a livello logico",
        "userDefined": false
      }
    ],
    "isTemplate": false,
    "count": 0,
    "lang": "it",
    "updated": 0
  }
]