[
  {
    "id": "02b40ba8-163e-4a03-b268-adb6f77cf916",
    "data": [
      {
        "text": "non credo",
        "userDefined": false
      }
    ],
    "isTemplate": false,
    "count": 0,
    "lang": "it",
    "updated": 0
  },
  {
    "id": "f961b0e0-2f15-46d4-94f8-0d9f697e849f",
    "data": [
      {
        "text": "no grazie",
        "userDefined": false
      }
    ],
    "isTemplate": false,
    "count": 0,
    "lang": "it",
    "updated": 0
  },
  {
    "id": "1d4f4a76-0ed1-4c9b-b22d-fdc6cecc1b07",
    "data": [
      {
        "text": "non farlo",
        "userDefined": false
      }
    ],
    "isTemplate": false,
    "count": 0,
    "lang": "it",
    "updated": 0
  },
  {
    "id": "4abe479c-9952-4ee5-9356-992a084959bd",
    "data": [
      {
        "text": "non proprio",
        "userDefined": false
      }
    ],
    "isTemplate": false,
    "count": 0,
    "lang": "it",
    "updated": 0
  },
  {
    "id": "1d558661-2d1b-49fd-b591-b5ceae550799",
    "data": [
      {
        "text": "assolutamente no",
        "userDefined": false
      }
    ],
    "isTemplate": false,
    "count": 0,
    "lang": "it",
    "updated": 0
  },
  {
    "id": "b5a50e4f-5748-456e-910d-5aab2ea2e6fe",
    "data": [
      {
        "text": "no",
        "userDefined": false
      }
    ],
    "isTemplate": false,
    "count": 1,
    "lang": "it",
    "updated": 0
  },
  {
    "id": "e5743692-a56b-46b1-a020-fdd7e5047cf9",
    "data": [
      {
        "text": "non voglio",
        "userDefined": false
      }
    ],
    "isTemplate": false,
    "count": 0,
    "lang": "it",
    "updated": 0
  },
  {
    "id": "5235c460-7a62-40b4-9799-9924cc07c088",
    "data": [
      {
        "text": "non sono d\u0027accordo",
        "userDefined": false
      }
    ],
    "isTemplate": false,
    "count": 0,
    "lang": "it",
    "updated": 0
  },
  {
    "id": "3d03b1a9-a3a5-47e3-9bfe-77b00ec37890",
    "data": [
      {
        "text": "non mi interessa",
        "userDefined": false
      }
    ],
    "isTemplate": false,
    "count": 0,
    "lang": "it",
    "updated": 0
  },
  {
    "id": "2cfa9a6b-a473-4789-b214-023f28f333fc",
    "data": [
      {
        "text": "noo",
        "meta": "@sys.location",
        "alias": "location",
        "userDefined": false
      }
    ],
    "isTemplate": false,
    "count": 0,
    "lang": "it",
    "updated": 0
  },
  {
    "id": "1d00b0ba-1d04-4f9d-b78b-ffb61a4fb4af",
    "data": [
      {
        "text": "no",
        "meta": "@sys.location",
        "alias": "location",
        "userDefined": false
      }
    ],
    "isTemplate": false,
    "count": 0,
    "lang": "it",
    "updated": 0
  }
]