[
  {
    "id": "9d8bbb78-6479-4347-8951-9177f004b39c",
    "data": [
      {
        "text": "Cosa contiene i_block ",
        "userDefined": false
      },
      {
        "text": "in",
        "meta": "@sys.unit-length-name",
        "alias": "unit-length-name",
        "userDefined": false
      },
      {
        "text": " ext2?",
        "userDefined": false
      }
    ],
    "isTemplate": false,
    "count": 0,
    "lang": "it",
    "updated": 0
  },
  {
    "id": "80013489-49ad-405e-9bc0-aa981641a354",
    "data": [
      {
        "text": "Come gestisce ext",
        "userDefined": false
      },
      {
        "text": "2 file",
        "meta": "@Chapter",
        "alias": "chapter",
        "userDefined": false
      },
      {
        "text": " ",
        "userDefined": false
      },
      {
        "text": "di",
        "meta": "@Chapter",
        "alias": "chapter",
        "userDefined": false
      },
      {
        "text": " grandi dimensioni?",
        "userDefined": false
      }
    ],
    "isTemplate": false,
    "count": 0,
    "lang": "it",
    "updated": 0
  },
  {
    "id": "33d12c38-d42e-4d3a-810c-457bc018886f",
    "data": [
      {
        "text": "Qual è la struttura ",
        "userDefined": false
      },
      {
        "text": "di un i",
        "meta": "@Chapter",
        "alias": "chapter",
        "userDefined": false
      },
      {
        "text": "-node in ext2?",
        "userDefined": false
      }
    ],
    "isTemplate": false,
    "count": 0,
    "lang": "it",
    "updated": 0
  },
  {
    "id": "22680d7b-d4bc-4dd8-8c83-b04b30320995",
    "data": [
      {
        "text": "Spiega i puntatori diretti e indiretti in ext2",
        "userDefined": false
      }
    ],
    "isTemplate": false,
    "count": 0,
    "lang": "it",
    "updated": 0
  },
  {
    "id": "a983dbda-8924-479e-a059-57ea4b2628c0",
    "data": [
      {
        "text": "Come sono organizzati i blocchi in ext2?",
        "userDefined": false
      }
    ],
    "isTemplate": false,
    "count": 0,
    "lang": "it",
    "updated": 0
  }
]