[
  {
    "id": "8d972839-5775-4302-9d96-e4216d961a9e",
    "data": [
      {
        "text": "Cosa condividono i ",
        "userDefined": false
      },
      {
        "text": "processi UNIX",
        "meta": "@Chapter",
        "alias": "chapter",
        "userDefined": false
      },
      {
        "text": " oltre ",
        "userDefined": false
      },
      {
        "text": "al",
        "meta": "@sys.color",
        "alias": "color",
        "userDefined": false
      },
      {
        "text": " ",
        "userDefined": false
      },
      {
        "text": "file system",
        "meta": "@Chapter",
        "alias": "chapter",
        "userDefined": false
      },
      {
        "text": "?",
        "userDefined": false
      }
    ],
    "isTemplate": false,
    "count": 0,
    "lang": "it",
    "updated": 0
  },
  {
    "id": "5c968242-89dd-4ad0-b213-1e1595ee7ec5",
    "data": [
      {
        "text": "Perché i ",
        "userDefined": false
      },
      {
        "text": "processi UNIX",
        "meta": "@Chapter",
        "alias": "chapter",
        "userDefined": false
      },
      {
        "text": " sono isolati tra loro?",
        "userDefined": false
      }
    ],
    "isTemplate": false,
    "count": 0,
    "lang": "it",
    "updated": 0
  },
  {
    "id": "91f8df48-60ac-461c-bb41-712a8be6d9dc",
    "data": [
      {
        "text": "Spiega ",
        "userDefined": false
      },
      {
        "text": "l\u0027",
        "meta": "@Chapter",
        "alias": "chapter",
        "userDefined": false
      },
      {
        "text": "ambiente ",
        "userDefined": false
      },
      {
        "text": "locale",
        "meta": "@sys.location",
        "alias": "location",
        "userDefined": false
      },
      {
        "text": " dei ",
        "userDefined": false
      },
      {
        "text": "processi UNIX",
        "meta": "@Chapter",
        "alias": "chapter",
        "userDefined": false
      }
    ],
    "isTemplate": false,
    "count": 0,
    "lang": "it",
    "updated": 0
  },
  {
    "id": "8ff29554-adf4-4e0d-a235-08ae899b4e9d",
    "data": [
      {
        "text": "Quali sono le caratteristiche dei ",
        "userDefined": false
      },
      {
        "text": "processi UNIX",
        "meta": "@Chapter",
        "alias": "chapter",
        "userDefined": false
      },
      {
        "text": "?\"",
        "userDefined": false
      }
    ],
    "isTemplate": false,
    "count": 0,
    "lang": "it",
    "updated": 0
  },
  {
    "id": "aa7c5fa5-5589-4801-97fc-41f68517c770",
    "data": [
      {
        "text": "Come funziona il modello ",
        "userDefined": false
      },
      {
        "text": "di",
        "meta": "@Chapter",
        "alias": "chapter",
        "userDefined": false
      },
      {
        "text": " ",
        "userDefined": false
      },
      {
        "text": "processo",
        "meta": "@Chapter",
        "alias": "chapter",
        "userDefined": false
      },
      {
        "text": " in ",
        "userDefined": false
      },
      {
        "text": "UNIX",
        "meta": "@sys.location",
        "alias": "location",
        "userDefined": false
      },
      {
        "text": "?",
        "userDefined": false
      }
    ],
    "isTemplate": false,
    "count": 0,
    "lang": "it",
    "updated": 0
  }
]