[
  {
    "id": "ecf95cd9-bd86-44b6-84d3-d6009ad8d666",
    "data": [
      {
        "text": "Che differenza c\u0027è tra cartella e directory?",
        "userDefined": false
      }
    ],
    "isTemplate": false,
    "count": 0,
    "lang": "it",
    "updated": 0
  },
  {
    "id": "a4b839ad-b55e-4bbe-a41f-13580c1ddc65",
    "data": [
      {
        "text": "Spiega il ruolo dei descrittori ",
        "userDefined": false
      },
      {
        "text": "di file",
        "meta": "@Chapter",
        "alias": "chapter",
        "userDefined": false
      }
    ],
    "isTemplate": false,
    "count": 0,
    "lang": "it",
    "updated": 0
  },
  {
    "id": "185c26d9-8a91-4b01-84b2-de9bfbad89a2",
    "data": [
      {
        "text": "Qual è ",
        "userDefined": false
      },
      {
        "text": "l\u0027",
        "meta": "@Chapter",
        "alias": "chapter",
        "userDefined": false
      },
      {
        "text": "analogia tra directory e elenco telefonico?",
        "userDefined": false
      }
    ],
    "isTemplate": false,
    "count": 0,
    "lang": "it",
    "updated": 0
  },
  {
    "id": "7cba0cd5-95b9-4510-99fe-0f2ab95bae61",
    "data": [
      {
        "text": "Perché ",
        "userDefined": false
      },
      {
        "text": "una",
        "meta": "@sys.number",
        "alias": "number",
        "userDefined": false
      },
      {
        "text": " directory non contiene direttamente ",
        "userDefined": false
      },
      {
        "text": "i file",
        "meta": "@Chapter",
        "alias": "chapter",
        "userDefined": false
      },
      {
        "text": "?",
        "userDefined": false
      }
    ],
    "isTemplate": false,
    "count": 0,
    "lang": "it",
    "updated": 0
  },
  {
    "id": "d1a153ca-eba2-447d-b6c7-425dd6f738d5",
    "data": [
      {
        "text": "Cosa sono le directory?",
        "userDefined": false
      }
    ],
    "isTemplate": false,
    "count": 0,
    "lang": "it",
    "updated": 0
  }
]