[
  {
    "id": "de488f45-752e-475d-a753-c457b0d6c60c",
    "data": [
      {
        "text": "Quali ",
        "userDefined": false
      },
      {
        "text": "operatori",
        "meta": "@Chapter",
        "alias": "chapter",
        "userDefined": false
      },
      {
        "text": " ",
        "userDefined": false
      },
      {
        "text": "del C",
        "meta": "@Chapter",
        "alias": "chapter1",
        "userDefined": false
      },
      {
        "text": " sono utili per la gestione ",
        "userDefined": false
      },
      {
        "text": "della",
        "meta": "@Chapter",
        "alias": "chapter2",
        "userDefined": false
      },
      {
        "text": " memoria",
        "userDefined": false
      }
    ],
    "isTemplate": false,
    "count": 0,
    "lang": "it",
    "updated": 0
  },
  {
    "id": "8b5dcb17-7846-41b5-ba8c-c2d1accfb14d",
    "data": [
      {
        "text": "Cosa ",
        "userDefined": false
      },
      {
        "text": "rende",
        "meta": "@sys.location",
        "alias": "location",
        "userDefined": false
      },
      {
        "text": " il C ",
        "userDefined": false
      },
      {
        "text": "adatto",
        "meta": "@sys.last-name",
        "alias": "last-name",
        "userDefined": false
      },
      {
        "text": " all",
        "userDefined": false
      },
      {
        "text": "\u0027interazione con",
        "meta": "@Chapter",
        "alias": "chapter",
        "userDefined": false
      },
      {
        "text": " il ",
        "userDefined": false
      },
      {
        "text": "sistema operativo",
        "meta": "@Chapter",
        "alias": "chapter1",
        "userDefined": false
      }
    ],
    "isTemplate": false,
    "count": 0,
    "lang": "it",
    "updated": 0
  },
  {
    "id": "8abe573f-9fa8-47d9-9227-c3b4985a4d93",
    "data": [
      {
        "text": "Come gestisce la memoria il ",
        "userDefined": false
      },
      {
        "text": "linguaggio C",
        "meta": "@Chapter",
        "alias": "chapter",
        "userDefined": false
      }
    ],
    "isTemplate": false,
    "count": 0,
    "lang": "it",
    "updated": 0
  },
  {
    "id": "1250352e-9fb0-43b6-a071-145b70baa465",
    "data": [
      {
        "text": "Spiega ",
        "userDefined": false
      },
      {
        "text": "le",
        "meta": "@sys.person",
        "alias": "person",
        "userDefined": false
      },
      {
        "text": " funzionalità ",
        "userDefined": false
      },
      {
        "text": "del C per",
        "meta": "@Chapter",
        "alias": "chapter",
        "userDefined": false
      },
      {
        "text": " la programmazione ",
        "userDefined": false
      },
      {
        "text": "di",
        "meta": "@Chapter",
        "alias": "chapter1",
        "userDefined": false
      },
      {
        "text": " ",
        "userDefined": false
      },
      {
        "text": "sistema",
        "meta": "@Chapter",
        "alias": "chapter2",
        "userDefined": false
      },
      {
        "text": "\"",
        "userDefined": false
      }
    ],
    "isTemplate": false,
    "count": 0,
    "lang": "it",
    "updated": 0
  },
  {
    "id": "6881024e-560a-421d-b34b-1343ce6ed39e",
    "data": [
      {
        "text": "Quali sono le caratteristiche ",
        "userDefined": false
      },
      {
        "text": "del C",
        "meta": "@Chapter",
        "alias": "chapter",
        "userDefined": false
      },
      {
        "text": " come ",
        "userDefined": false
      },
      {
        "text": "linguaggio",
        "meta": "@Chapter",
        "alias": "chapter1",
        "userDefined": false
      },
      {
        "text": " ",
        "userDefined": false
      },
      {
        "text": "di",
        "meta": "@Chapter",
        "alias": "chapter2",
        "userDefined": false
      },
      {
        "text": " ",
        "userDefined": false
      },
      {
        "text": "sistema",
        "meta": "@Chapter",
        "alias": "chapter3",
        "userDefined": false
      },
      {
        "text": "?\"",
        "userDefined": false
      }
    ],
    "isTemplate": false,
    "count": 0,
    "lang": "it",
    "updated": 0
  },
  {
    "data": [
      {
        "text": "Perché il ",
        "userDefined": false
      },
      {
        "text": "linguaggio C",
        "meta": "@Chapter",
        "alias": "chapter",
        "userDefined": false
      },
      {
        "text": " è ",
        "userDefined": false
      },
      {
        "text": "adatto",
        "meta": "@sys.last-name",
        "alias": "last-name",
        "userDefined": false
      },
      {
        "text": " alla programmazione ",
        "userDefined": false
      },
      {
        "text": "di",
        "meta": "@Chapter",
        "alias": "chapter1",
        "userDefined": false
      },
      {
        "text": " ",
        "userDefined": false
      },
      {
        "text": "sistema",
        "meta": "@Chapter",
        "alias": "chapter2",
        "userDefined": false
      },
      {
        "text": "?",
        "userDefined": false
      }
    ],
    "isTemplate": false,
    "count": 0,
    "lang": "it",
    "updated": 0
  },
  {
    "data": [
      {
        "text": "Quali ",
        "userDefined": false
      },
      {
        "text": "operatori",
        "meta": "@Chapter",
        "alias": "chapter",
        "userDefined": false
      },
      {
        "text": " permette il controllo a basso livello in C?",
        "userDefined": false
      }
    ],
    "isTemplate": false,
    "count": 0,
    "lang": "it",
    "updated": 0
  },
  {
    "data": [
      {
        "text": "Come si gestisce manualmente la memoria in ",
        "userDefined": false
      },
      {
        "text": "C",
        "meta": "@sys.unit-speed-name",
        "alias": "unit-speed-name",
        "userDefined": false
      },
      {
        "text": "?",
        "userDefined": false
      }
    ],
    "isTemplate": false,
    "count": 0,
    "lang": "it",
    "updated": 0
  }
]