[
  {
    "id": "0dddf14b-f905-4eb6-8e0b-3669bbc992b0",
    "data": [
      {
        "text": "Qual è la differenza tra cp e mv?",
        "userDefined": false
      }
    ],
    "isTemplate": false,
    "count": 0,
    "lang": "it",
    "updated": 0
  },
  {
    "id": "d3390c93-44d9-4f3b-8129-c4876cc6675d",
    "data": [
      {
        "text": "Come sovrascrivere ",
        "userDefined": false
      },
      {
        "text": "file con",
        "meta": "@Chapter",
        "alias": "chapter",
        "userDefined": false
      },
      {
        "text": " conferma?",
        "userDefined": false
      }
    ],
    "isTemplate": false,
    "count": 0,
    "lang": "it",
    "updated": 0
  },
  {
    "id": "54ab7837-2b89-4e0c-a30b-f0b6ac3d585c",
    "data": [
      {
        "text": "Come spostare ",
        "userDefined": false
      },
      {
        "text": "file",
        "meta": "@Chapter",
        "alias": "chapter",
        "userDefined": false
      },
      {
        "text": " tra directory?",
        "userDefined": false
      }
    ],
    "isTemplate": false,
    "count": 0,
    "lang": "it",
    "updated": 0
  },
  {
    "id": "56455adb-083f-4b85-853a-5a26fb9ea385",
    "data": [
      {
        "text": "Come rinominare ",
        "userDefined": false
      },
      {
        "text": "un",
        "meta": "@sys.number",
        "alias": "number",
        "userDefined": false
      },
      {
        "text": " ",
        "userDefined": false
      },
      {
        "text": "file",
        "meta": "@Chapter",
        "alias": "chapter",
        "userDefined": false
      },
      {
        "text": "?\"",
        "userDefined": false
      }
    ],
    "isTemplate": false,
    "count": 0,
    "lang": "it",
    "updated": 0
  }
]