[
  {
    "id": "19737781-ba4b-4a78-b41f-5a669a9eb7f4",
    "data": [
      {
        "text": "Come cercare ricorsivamente ",
        "userDefined": false
      },
      {
        "text": "in una",
        "meta": "@sys.date",
        "alias": "date",
        "userDefined": false
      },
      {
        "text": " sottodirectory?",
        "userDefined": false
      }
    ],
    "isTemplate": false,
    "count": 0,
    "lang": "it",
    "updated": 0
  },
  {
    "id": "fa1cbf61-a253-4f92-8673-f4ee2c79228b",
    "data": [
      {
        "text": "Cosa fa il comando grep?",
        "userDefined": false
      }
    ],
    "isTemplate": false,
    "count": 0,
    "lang": "it",
    "updated": 0
  },
  {
    "id": "e0907ec7-5b56-47d6-9ede-3a89f2a24a03",
    "data": [
      {
        "text": "Come filtrare ",
        "userDefined": false
      },
      {
        "text": "le",
        "meta": "@sys.person",
        "alias": "person",
        "userDefined": false
      },
      {
        "text": " righe che contengono ",
        "userDefined": false
      },
      {
        "text": "un",
        "meta": "@sys.number",
        "alias": "number",
        "userDefined": false
      },
      {
        "text": " pattern?",
        "userDefined": false
      }
    ],
    "isTemplate": false,
    "count": 0,
    "lang": "it",
    "updated": 0
  },
  {
    "id": "98eee180-e52f-4e30-a218-1e0dd9bf92ba",
    "data": [
      {
        "text": "Come cercare ",
        "userDefined": false
      },
      {
        "text": "una parola",
        "meta": "@sys.unit-information",
        "alias": "unit-information",
        "userDefined": false
      },
      {
        "text": " ",
        "userDefined": false
      },
      {
        "text": "in un",
        "meta": "@sys.date",
        "alias": "date",
        "userDefined": false
      },
      {
        "text": " ",
        "userDefined": false
      },
      {
        "text": "file",
        "meta": "@Chapter",
        "alias": "chapter",
        "userDefined": false
      },
      {
        "text": "?",
        "userDefined": false
      }
    ],
    "isTemplate": false,
    "count": 0,
    "lang": "it",
    "updated": 0
  }
]