[
  {
    "id": "df4bd0a5-fc62-4ff7-8b37-a2ba42406bec",
    "data": [
      {
        "text": "Perché ",
        "userDefined": false
      },
      {
        "text": "la shell usa",
        "meta": "@sys.location",
        "alias": "location",
        "userDefined": false
      },
      {
        "text": " fork ",
        "userDefined": false
      },
      {
        "text": "ed exec",
        "meta": "@sys.location",
        "alias": "location",
        "userDefined": false
      },
      {
        "text": "?",
        "userDefined": false
      }
    ],
    "isTemplate": false,
    "count": 0,
    "lang": "it",
    "updated": 0
  },
  {
    "id": "67c978b0-e653-433f-915d-2e6183be60ab",
    "data": [
      {
        "text": "Come funziona il login in ",
        "userDefined": false
      },
      {
        "text": "UNIX",
        "meta": "@sys.location",
        "alias": "location",
        "userDefined": false
      },
      {
        "text": "?",
        "userDefined": false
      }
    ],
    "isTemplate": false,
    "count": 0,
    "lang": "it",
    "updated": 0
  },
  {
    "id": "b8761f43-4c5b-4375-b5e1-26a075028bb0",
    "data": [
      {
        "text": "Cosa fa ",
        "userDefined": false
      },
      {
        "text": "il",
        "meta": "@sys.geo-state",
        "alias": "geo-state",
        "userDefined": false
      },
      {
        "text": " ",
        "userDefined": false
      },
      {
        "text": "processo",
        "meta": "@Chapter",
        "alias": "chapter",
        "userDefined": false
      },
      {
        "text": " ",
        "userDefined": false
      },
      {
        "text": "getty",
        "meta": "@sys.location",
        "alias": "location",
        "userDefined": false
      },
      {
        "text": "?",
        "userDefined": false
      }
    ],
    "isTemplate": false,
    "count": 0,
    "lang": "it",
    "updated": 0
  },
  {
    "id": "e9e963d1-1bea-4294-833f-ae325dd1f5bf",
    "data": [
      {
        "text": "Qual è il ruolo ",
        "userDefined": false
      },
      {
        "text": "del",
        "meta": "@Chapter",
        "alias": "chapter",
        "userDefined": false
      },
      {
        "text": " ",
        "userDefined": false
      },
      {
        "text": "processo",
        "meta": "@Chapter",
        "alias": "chapter",
        "userDefined": false
      },
      {
        "text": " init?",
        "userDefined": false
      }
    ],
    "isTemplate": false,
    "count": 0,
    "lang": "it",
    "updated": 0
  },
  {
    "id": "6385684e-ecb9-41c4-ae91-10cf724dcbab",
    "data": [
      {
        "text": "Come si avviano i ",
        "userDefined": false
      },
      {
        "text": "processi",
        "meta": "@Chapter",
        "alias": "chapter",
        "userDefined": false
      },
      {
        "text": " in ",
        "userDefined": false
      },
      {
        "text": "UNIX",
        "meta": "@sys.location",
        "alias": "location",
        "userDefined": false
      },
      {
        "text": "?",
        "userDefined": false
      }
    ],
    "isTemplate": false,
    "count": 0,
    "lang": "it",
    "updated": 0
  }
]