[
  {
    "id": "0543f1e3-0bc1-40af-8722-62c746f91a77",
    "data": [
      {
        "text": "Qual è la differenza tra ",
        "userDefined": false
      },
      {
        "text": "rm",
        "meta": "@sys.location",
        "alias": "location",
        "userDefined": false
      },
      {
        "text": " e rmdir?",
        "userDefined": false
      }
    ],
    "isTemplate": false,
    "count": 0,
    "lang": "it",
    "updated": 0
  },
  {
    "id": "0245f7bf-6018-4848-ae1e-41e1ca9919f2",
    "data": [
      {
        "text": "Come rimuovere ",
        "userDefined": false
      },
      {
        "text": "file con",
        "meta": "@Chapter",
        "alias": "chapter",
        "userDefined": false
      },
      {
        "text": " conferma?",
        "userDefined": false
      }
    ],
    "isTemplate": false,
    "count": 0,
    "lang": "it",
    "updated": 0
  },
  {
    "id": "88197367-df4f-478d-bcf7-850f3e864355",
    "data": [
      {
        "text": "Come cancellare ",
        "userDefined": false
      },
      {
        "text": "una",
        "meta": "@sys.number",
        "alias": "number",
        "userDefined": false
      },
      {
        "text": " directory ricorsivamente?",
        "userDefined": false
      }
    ],
    "isTemplate": false,
    "count": 0,
    "lang": "it",
    "updated": 0
  },
  {
    "id": "dd4aa05a-e119-413b-ad7a-51b4fefe289b",
    "data": [
      {
        "text": "Come eliminare ",
        "userDefined": false
      },
      {
        "text": "un",
        "meta": "@sys.number",
        "alias": "number",
        "userDefined": false
      },
      {
        "text": " ",
        "userDefined": false
      },
      {
        "text": "file",
        "meta": "@Chapter",
        "alias": "chapter",
        "userDefined": false
      },
      {
        "text": "?\"",
        "userDefined": false
      }
    ],
    "isTemplate": false,
    "count": 0,
    "lang": "it",
    "updated": 0
  },
  {
    "data": [
      {
        "text": "Qual è la differenza tra il comando rm e rmdir?",
        "userDefined": false
      }
    ],
    "isTemplate": false,
    "count": 0,
    "lang": "it",
    "updated": 0
  }
]