[
  {
    "id": "a4f3f5f1-cd8b-401c-83ab-9e8daccfad8a",
    "data": [
      {
        "text": "Come aggiungere righe numerate?",
        "userDefined": false
      }
    ],
    "isTemplate": false,
    "count": 0,
    "lang": "it",
    "updated": 0
  },
  {
    "id": "b4fba48a-d4a3-4e51-8b7d-48ba594f2143",
    "data": [
      {
        "text": "Come creare ",
        "userDefined": false
      },
      {
        "text": "un",
        "meta": "@sys.number",
        "alias": "number",
        "userDefined": false
      },
      {
        "text": " ",
        "userDefined": false
      },
      {
        "text": "file",
        "meta": "@Chapter",
        "alias": "chapter",
        "userDefined": false
      },
      {
        "text": " da terminale?",
        "userDefined": false
      }
    ],
    "isTemplate": false,
    "count": 0,
    "lang": "it",
    "updated": 0
  },
  {
    "id": "af761371-263f-44e0-a843-59669cc58beb",
    "data": [
      {
        "text": "Come concatenare più ",
        "userDefined": false
      },
      {
        "text": "file",
        "meta": "@Chapter",
        "alias": "chapter",
        "userDefined": false
      },
      {
        "text": "?",
        "userDefined": false
      }
    ],
    "isTemplate": false,
    "count": 0,
    "lang": "it",
    "updated": 0
  },
  {
    "id": "900ee9f9-826b-4f2f-bf5f-46fb0f5476b3",
    "data": [
      {
        "text": "Come visualizzare il contenuto ",
        "userDefined": false
      },
      {
        "text": "di un file",
        "meta": "@Chapter",
        "alias": "chapter",
        "userDefined": false
      },
      {
        "text": "?",
        "userDefined": false
      }
    ],
    "isTemplate": false,
    "count": 0,
    "lang": "it",
    "updated": 0
  },
  {
    "data": [
      {
        "text": "Cat",
        "meta": "@Chapter",
        "alias": "chapter",
        "userDefined": false
      },
      {
        "text": "?",
        "userDefined": false
      }
    ],
    "isTemplate": false,
    "count": 2,
    "lang": "it",
    "updated": 0
  },
  {
    "data": [
      {
        "text": "Cat",
        "meta": "@Chapter",
        "alias": "chapter",
        "userDefined": false
      }
    ],
    "isTemplate": false,
    "count": 1,
    "lang": "it",
    "updated": 0
  }
]