[
  {
    "id": "2c79759b-86e3-4de1-9eae-d5e491a56034",
    "data": [
      {
        "text": "Come gestire gli errori ",
        "userDefined": false
      },
      {
        "text": "nella",
        "meta": "@Chapter",
        "alias": "chapter",
        "userDefined": false
      },
      {
        "text": " fork?",
        "userDefined": false
      }
    ],
    "isTemplate": false,
    "count": 0,
    "lang": "it",
    "updated": 0
  },
  {
    "id": "c18187b8-5466-455f-ae56-7a89cd9a894a",
    "data": [
      {
        "text": "Perché ",
        "userDefined": false
      },
      {
        "text": "padre",
        "meta": "@Chapter",
        "alias": "chapter",
        "userDefined": false
      },
      {
        "text": " e figlio condividono il codice?",
        "userDefined": false
      }
    ],
    "isTemplate": false,
    "count": 0,
    "lang": "it",
    "updated": 0
  },
  {
    "id": "9bb07918-2cf8-44e8-ad16-72da6b274328",
    "data": [
      {
        "text": "Qual è il valore ",
        "userDefined": false
      },
      {
        "text": "di",
        "meta": "@Chapter",
        "alias": "chapter",
        "userDefined": false
      },
      {
        "text": " ritorno (PID) ",
        "userDefined": false
      },
      {
        "text": "della",
        "meta": "@Chapter",
        "alias": "chapter1",
        "userDefined": false
      },
      {
        "text": " fork?",
        "userDefined": false
      }
    ],
    "isTemplate": false,
    "count": 0,
    "lang": "it",
    "updated": 0
  },
  {
    "id": "5ea0c05e-65a3-41e2-a80e-46bf028f0fd2",
    "data": [
      {
        "text": "Cosa succede dopo ",
        "userDefined": false
      },
      {
        "text": "una",
        "meta": "@sys.number",
        "alias": "number",
        "userDefined": false
      },
      {
        "text": " fork?",
        "userDefined": false
      }
    ],
    "isTemplate": false,
    "count": 0,
    "lang": "it",
    "updated": 0
  },
  {
    "id": "560cb68c-a567-47ca-a1df-ff51d8ed305e",
    "data": [
      {
        "text": "Come funziona ",
        "userDefined": false
      },
      {
        "text": "la fork",
        "meta": "@sys.location",
        "alias": "location",
        "userDefined": false
      },
      {
        "text": "()?",
        "userDefined": false
      }
    ],
    "isTemplate": false,
    "count": 0,
    "lang": "it",
    "updated": 0
  },
  {
    "data": [
      {
        "text": "Cosa succede quando si chiama fork() ",
        "userDefined": false
      },
      {
        "text": "in",
        "meta": "@Chapter",
        "alias": "chapter",
        "userDefined": false
      },
      {
        "text": " ",
        "userDefined": false
      },
      {
        "text": "un",
        "meta": "@sys.number",
        "alias": "number",
        "userDefined": false
      },
      {
        "text": " programma C ",
        "userDefined": false
      },
      {
        "text": "su UNIX",
        "meta": "@Chapter",
        "alias": "chapter1",
        "userDefined": false
      },
      {
        "text": "?",
        "userDefined": false
      }
    ],
    "isTemplate": false,
    "count": 0,
    "lang": "it",
    "updated": 0
  },
  {
    "data": [
      {
        "text": "parlami dei ",
        "userDefined": false
      },
      {
        "text": "processi",
        "meta": "@Chapter",
        "alias": "chapter",
        "userDefined": false
      },
      {
        "text": " in ",
        "userDefined": false
      },
      {
        "text": "unix",
        "meta": "@sys.location",
        "alias": "location",
        "userDefined": false
      },
      {
        "text": "?",
        "userDefined": false
      }
    ],
    "isTemplate": false,
    "count": 0,
    "lang": "it",
    "updated": 0
  }
]