[
  {
    "id": "11bcfcdc-241d-410d-8c7d-37942355e19e",
    "data": [
      {
        "text": "Come evitare conflitti ",
        "userDefined": false
      },
      {
        "text": "su file",
        "meta": "@Chapter",
        "alias": "chapter",
        "userDefined": false
      },
      {
        "text": " condivisi?",
        "userDefined": false
      }
    ],
    "isTemplate": false,
    "count": 0,
    "lang": "it",
    "updated": 0
  },
  {
    "id": "a91f7f95-0bb7-4fa8-b736-4c201c265ba0",
    "data": [
      {
        "text": "Perché le write concorrenti causano problemi?",
        "userDefined": false
      }
    ],
    "isTemplate": false,
    "count": 0,
    "lang": "it",
    "updated": 0
  },
  {
    "id": "35779850-2f59-4ee3-92a4-6c28e13536e1",
    "data": [
      {
        "text": "Cosa succede ",
        "userDefined": false
      },
      {
        "text": "a un",
        "meta": "@sys.date",
        "alias": "date",
        "userDefined": false
      },
      {
        "text": " file aperto dopo ",
        "userDefined": false
      },
      {
        "text": "la fork",
        "meta": "@sys.location",
        "alias": "location",
        "userDefined": false
      },
      {
        "text": "?",
        "userDefined": false
      }
    ],
    "isTemplate": false,
    "count": 0,
    "lang": "it",
    "updated": 0
  },
  {
    "id": "7674e96d-88f4-46f9-9d03-62ddf46eb065",
    "data": [
      {
        "text": "Come condividono ",
        "userDefined": false
      },
      {
        "text": "i file",
        "meta": "@Chapter",
        "alias": "chapter",
        "userDefined": false
      },
      {
        "text": " descriptor ",
        "userDefined": false
      },
      {
        "text": "padre",
        "meta": "@Chapter",
        "alias": "chapter1",
        "userDefined": false
      },
      {
        "text": " e figlio?",
        "userDefined": false
      }
    ],
    "isTemplate": false,
    "count": 0,
    "lang": "it",
    "updated": 0
  },
  {
    "id": "86ff3a47-918b-483a-b3f2-f523238c29c5",
    "data": [
      {
        "text": "In",
        "meta": "@sys.unit-length-name",
        "alias": "unit-length-name",
        "userDefined": false
      },
      {
        "text": " che modo ",
        "userDefined": false
      },
      {
        "text": "padre",
        "meta": "@Chapter",
        "alias": "chapter1",
        "userDefined": false
      },
      {
        "text": " e figlio condividono ",
        "userDefined": false
      },
      {
        "text": "i file",
        "meta": "@Chapter",
        "alias": "chapter",
        "userDefined": false
      },
      {
        "text": " descriptor dopo ",
        "userDefined": false
      },
      {
        "text": "una",
        "meta": "@sys.date",
        "alias": "date",
        "userDefined": false
      },
      {
        "text": " fork?",
        "userDefined": false
      }
    ],
    "isTemplate": false,
    "count": 0,
    "lang": "it",
    "updated": 0
  }
]