[
  {
    "id": "17f2e619-2b9b-41cb-b5b6-9310ebc87c16",
    "data": [
      {
        "text": "Cosa fa lo shabang ",
        "userDefined": false
      },
      {
        "text": "in uno",
        "meta": "@sys.date",
        "alias": "date",
        "userDefined": false
      },
      {
        "text": " script?",
        "userDefined": false
      }
    ],
    "isTemplate": false,
    "count": 0,
    "lang": "it",
    "updated": 0
  },
  {
    "id": "e8c48e46-a523-4142-aa66-9747fa7943b1",
    "data": [
      {
        "text": "Come si ",
        "userDefined": false
      },
      {
        "text": "rende",
        "meta": "@sys.location",
        "alias": "location",
        "userDefined": false
      },
      {
        "text": " ",
        "userDefined": false
      },
      {
        "text": "eseguibile uno script .sh",
        "meta": "@sys.url",
        "alias": "url",
        "userDefined": false
      },
      {
        "text": "?",
        "userDefined": false
      }
    ],
    "isTemplate": false,
    "count": 0,
    "lang": "it",
    "updated": 0
  },
  {
    "id": "677a0d31-33bf-4527-be09-26555c64b2cd",
    "data": [
      {
        "text": "Spiegami if, for, while in ",
        "userDefined": false
      },
      {
        "text": "shell",
        "meta": "@Chapter",
        "alias": "chapter",
        "userDefined": false
      },
      {
        "text": " script",
        "userDefined": false
      }
    ],
    "isTemplate": false,
    "count": 1,
    "lang": "it",
    "updated": 0
  },
  {
    "id": "a8057831-fc08-4de0-8a23-c4b5973963b3",
    "data": [
      {
        "text": "Quali costrutti ",
        "userDefined": false
      },
      {
        "text": "di",
        "meta": "@Chapter",
        "alias": "chapter",
        "userDefined": false
      },
      {
        "text": " flusso ci sono ",
        "userDefined": false
      },
      {
        "text": "in",
        "meta": "@sys.unit-length-name",
        "alias": "unit-length-name",
        "userDefined": false
      },
      {
        "text": " sh?",
        "userDefined": false
      }
    ],
    "isTemplate": false,
    "count": 0,
    "lang": "it",
    "updated": 0
  },
  {
    "id": "87bb8100-f205-40c2-975e-7063f5a6e052",
    "data": [
      {
        "text": "Come si scrive ",
        "userDefined": false
      },
      {
        "text": "uno",
        "meta": "@sys.number",
        "alias": "number",
        "userDefined": false
      },
      {
        "text": " script in ",
        "userDefined": false
      },
      {
        "text": "shell",
        "meta": "@Chapter",
        "alias": "chapter",
        "userDefined": false
      },
      {
        "text": "?",
        "userDefined": false
      }
    ],
    "isTemplate": false,
    "count": 0,
    "lang": "it",
    "updated": 0
  },
  {
    "data": [
      {
        "text": "Come si scrive ",
        "userDefined": false
      },
      {
        "text": "un",
        "meta": "@sys.number",
        "alias": "number",
        "userDefined": false
      },
      {
        "text": " ciclo for ",
        "userDefined": false
      },
      {
        "text": "in uno",
        "meta": "@sys.date",
        "alias": "date",
        "userDefined": false
      },
      {
        "text": " ",
        "userDefined": false
      },
      {
        "text": "shell",
        "meta": "@Chapter",
        "alias": "chapter",
        "userDefined": false
      },
      {
        "text": " script?",
        "userDefined": false
      }
    ],
    "isTemplate": false,
    "count": 0,
    "lang": "it",
    "updated": 0
  },
  {
    "data": [
      {
        "text": "Dammi ",
        "userDefined": false
      },
      {
        "text": "un",
        "meta": "@sys.number",
        "alias": "number",
        "userDefined": false
      },
      {
        "text": " esempio ",
        "userDefined": false
      },
      {
        "text": "di",
        "meta": "@Chapter",
        "alias": "chapter",
        "userDefined": false
      },
      {
        "text": " script ",
        "userDefined": false
      },
      {
        "text": "che",
        "meta": "@Chapter",
        "alias": "chapter1",
        "userDefined": false
      },
      {
        "text": " cerca ",
        "userDefined": false
      },
      {
        "text": "una",
        "meta": "@sys.number",
        "alias": "number1",
        "userDefined": false
      },
      {
        "text": " stringa in ",
        "userDefined": false
      },
      {
        "text": "un",
        "meta": "@sys.number",
        "alias": "number2",
        "userDefined": false
      },
      {
        "text": " ",
        "userDefined": false
      },
      {
        "text": "file",
        "meta": "@Chapter",
        "alias": "chapter2",
        "userDefined": false
      },
      {
        "text": " e ",
        "userDefined": false
      },
      {
        "text": "stampa",
        "meta": "@sys.location",
        "alias": "location",
        "userDefined": false
      },
      {
        "text": " ",
        "userDefined": false
      },
      {
        "text": "un",
        "meta": "@sys.number",
        "alias": "number3",
        "userDefined": false
      },
      {
        "text": " ",
        "userDefined": false
      },
      {
        "text": "messaggio",
        "meta": "@Chapter",
        "alias": "chapter3",
        "userDefined": false
      },
      {
        "text": " diverso\nse ",
        "userDefined": false
      },
      {
        "text": "la",
        "meta": "@sys.location",
        "alias": "location1",
        "userDefined": false
      },
      {
        "text": " trova ",
        "userDefined": false
      },
      {
        "text": "o",
        "meta": "@Chapter",
        "alias": "chapter4",
        "userDefined": false
      },
      {
        "text": " meno.",
        "userDefined": false
      }
    ],
    "isTemplate": false,
    "count": 0,
    "lang": "it",
    "updated": 0
  },
  {
    "data": [
      {
        "text": "Se scrivo chmod ",
        "userDefined": false
      },
      {
        "text": "+",
        "meta": "@Chapter",
        "alias": "chapter",
        "userDefined": false
      },
      {
        "text": "x ",
        "userDefined": false
      },
      {
        "text": "script.sh",
        "meta": "@sys.url",
        "alias": "url",
        "userDefined": false
      },
      {
        "text": ", cosa succede?",
        "userDefined": false
      }
    ],
    "isTemplate": false,
    "count": 0,
    "lang": "it",
    "updated": 0
  }
]