[
  {
    "id": "4896392e-2515-4501-a1ac-6ff81bb37fbf",
    "data": [
      {
        "text": "Quali permessi su ",
        "userDefined": false
      },
      {
        "text": "una",
        "meta": "@sys.number",
        "alias": "number",
        "userDefined": false
      },
      {
        "text": " directory servono per effettuare il comando cd?",
        "userDefined": false
      }
    ],
    "isTemplate": false,
    "count": 0,
    "lang": "it",
    "updated": 0
  },
  {
    "id": "19233cd2-64df-4967-a206-227e3de6ba3f",
    "data": [
      {
        "text": "Come si cambia proprietario ",
        "userDefined": false
      },
      {
        "text": "di un file",
        "meta": "@Chapter",
        "alias": "chapter",
        "userDefined": false
      },
      {
        "text": "?",
        "userDefined": false
      }
    ],
    "isTemplate": false,
    "count": 0,
    "lang": "it",
    "updated": 0
  },
  {
    "id": "aaf25d64-eacf-47f3-a0ab-f36fd329bbd8",
    "data": [
      {
        "text": "Cosa significa SUID e SGID?",
        "userDefined": false
      }
    ],
    "isTemplate": false,
    "count": 0,
    "lang": "it",
    "updated": 0
  },
  {
    "id": "42cf1d8a-aa2f-4d3a-bbc3-546aec619021",
    "data": [
      {
        "text": "Spiega chmod e i permessi in ottale",
        "userDefined": false
      }
    ],
    "isTemplate": false,
    "count": 0,
    "lang": "it",
    "updated": 0
  },
  {
    "id": "1a3246cf-90a4-43e6-aea3-e94a10334c91",
    "data": [
      {
        "text": "Come funzionano i permessi rwx ",
        "userDefined": false
      },
      {
        "text": "in",
        "meta": "@sys.unit-length-name",
        "alias": "unit-length-name",
        "userDefined": false
      },
      {
        "text": " ",
        "userDefined": false
      },
      {
        "text": "UNIX",
        "meta": "@sys.location",
        "alias": "location",
        "userDefined": false
      },
      {
        "text": "?",
        "userDefined": false
      }
    ],
    "isTemplate": false,
    "count": 0,
    "lang": "it",
    "updated": 0
  },
  {
    "id": "fb52473e-e63f-4e61-a2bd-48d68ec93c88",
    "data": [
      {
        "text": "Come funzionano i permessi rwx sui file ",
        "userDefined": false
      },
      {
        "text": "e sulle",
        "meta": "@Chapter",
        "alias": "chapter",
        "userDefined": false
      },
      {
        "text": " directory in UNIX?",
        "userDefined": false
      }
    ],
    "isTemplate": false,
    "count": 0,
    "lang": "it",
    "updated": 0
  },
  {
    "id": "3b703b11-b8d8-45c4-b6b9-50851e91a028",
    "data": [
      {
        "text": "Come funziona ",
        "userDefined": false
      },
      {
        "text": "il",
        "meta": "@sys.location",
        "alias": "location",
        "userDefined": false
      },
      {
        "text": " comando chmod ",
        "userDefined": false
      },
      {
        "text": "755",
        "meta": "@sys.date-time",
        "alias": "date-time",
        "userDefined": false
      },
      {
        "text": " ",
        "userDefined": false
      },
      {
        "text": "file",
        "meta": "@Chapter",
        "alias": "chapter",
        "userDefined": false
      },
      {
        "text": ".txt?",
        "userDefined": false
      }
    ],
    "isTemplate": false,
    "count": 0,
    "lang": "it",
    "updated": 0
  },
  {
    "id": "7f5a235a-5e6b-42ab-9edd-e62177642c4c",
    "data": [
      {
        "text": "Che cosʼè il ",
        "userDefined": false
      },
      {
        "text": "bit setuid e",
        "meta": "@Chapter",
        "alias": "chapter",
        "userDefined": false
      },
      {
        "text": " a cosa serve?",
        "userDefined": false
      }
    ],
    "isTemplate": false,
    "count": 0,
    "lang": "it",
    "updated": 0
  }
]