[
  {
    "id": "f5167059-1202-46f8-9ec0-fb7c013a821c",
    "data": [
      {
        "text": "Come si usa `ls *.txt` o `ls ",
        "userDefined": false
      },
      {
        "text": "prog",
        "meta": "@sys.music-genre",
        "alias": "music-genre",
        "userDefined": false
      },
      {
        "text": "?.",
        "userDefined": false
      },
      {
        "text": "c` per",
        "meta": "@Chapter",
        "alias": "chapter",
        "userDefined": false
      },
      {
        "text": " trovare file?",
        "userDefined": false
      }
    ],
    "isTemplate": false,
    "count": 0,
    "lang": "it",
    "updated": 0
  },
  {
    "id": "ea0a22fd-3370-47b6-b08a-c4d1bdeec7fa",
    "data": [
      {
        "text": "In",
        "meta": "@sys.unit-length-name",
        "alias": "unit-length-name",
        "userDefined": false
      },
      {
        "text": " che modo posso navigare tra cartelle usando i percorsi?",
        "userDefined": false
      }
    ],
    "isTemplate": false,
    "count": 0,
    "lang": "it",
    "updated": 0
  },
  {
    "id": "53860a08-3d3a-45c8-beba-9216ac9333f4",
    "data": [
      {
        "text": "Cosa vuol dire scrivere `cd ../..` ",
        "userDefined": false
      },
      {
        "text": "in una",
        "meta": "@sys.date",
        "alias": "date",
        "userDefined": false
      },
      {
        "text": " ",
        "userDefined": false
      },
      {
        "text": "shell",
        "meta": "@Chapter",
        "alias": "chapter",
        "userDefined": false
      },
      {
        "text": "?",
        "userDefined": false
      }
    ],
    "isTemplate": false,
    "count": 0,
    "lang": "it",
    "updated": 0
  },
  {
    "id": "5a243a55-c725-4cc3-9404-f7c09b8f005c",
    "data": [
      {
        "text": "Come faccio a filtrare file usando wildcard?",
        "userDefined": false
      }
    ],
    "isTemplate": false,
    "count": 0,
    "lang": "it",
    "updated": 0
  },
  {
    "id": "e30ecc6e-22ae-4a3c-ba8d-4bb8bfd9c5f4",
    "data": [
      {
        "text": "Come funzionano i wildcard come `*` e `?` ",
        "userDefined": false
      },
      {
        "text": "nella",
        "meta": "@Chapter",
        "alias": "chapter",
        "userDefined": false
      },
      {
        "text": " ",
        "userDefined": false
      },
      {
        "text": "shell",
        "meta": "@Chapter",
        "alias": "chapter",
        "userDefined": false
      },
      {
        "text": "?",
        "userDefined": false
      }
    ],
    "isTemplate": false,
    "count": 0,
    "lang": "it",
    "updated": 0
  },
  {
    "id": "97f9bc23-3703-4fb1-a031-f790f6155314",
    "data": [
      {
        "text": "Che cosa indicano `.` e `..` ",
        "userDefined": false
      },
      {
        "text": "nei",
        "meta": "@sys.person",
        "alias": "person",
        "userDefined": false
      },
      {
        "text": " ",
        "userDefined": false
      },
      {
        "text": "comandi",
        "meta": "@Chapter",
        "alias": "chapter",
        "userDefined": false
      },
      {
        "text": " ",
        "userDefined": false
      },
      {
        "text": "del",
        "meta": "@Chapter",
        "alias": "chapter",
        "userDefined": false
      },
      {
        "text": " ",
        "userDefined": false
      },
      {
        "text": "file system",
        "meta": "@Chapter",
        "alias": "chapter",
        "userDefined": false
      },
      {
        "text": "?",
        "userDefined": false
      }
    ],
    "isTemplate": false,
    "count": 0,
    "lang": "it",
    "updated": 0
  },
  {
    "id": "d07fb889-75db-49e7-8e06-3363fb31a77b",
    "data": [
      {
        "text": "Qual è ",
        "userDefined": false
      },
      {
        "text": "la",
        "meta": "@sys.location",
        "alias": "location",
        "userDefined": false
      },
      {
        "text": " differenza tra ",
        "userDefined": false
      },
      {
        "text": "un",
        "meta": "@sys.number",
        "alias": "number",
        "userDefined": false
      },
      {
        "text": " percorso assoluto e ",
        "userDefined": false
      },
      {
        "text": "uno",
        "meta": "@sys.number",
        "alias": "number1",
        "userDefined": false
      },
      {
        "text": " relativo ",
        "userDefined": false
      },
      {
        "text": "in",
        "meta": "@sys.unit-length-name",
        "alias": "unit-length-name",
        "userDefined": false
      },
      {
        "text": " ",
        "userDefined": false
      },
      {
        "text": "UNIX",
        "meta": "@sys.location",
        "alias": "location1",
        "userDefined": false
      },
      {
        "text": "?",
        "userDefined": false
      }
    ],
    "isTemplate": false,
    "count": 0,
    "lang": "it",
    "updated": 0
  },
  {
    "data": [
      {
        "text": "Qual è ",
        "userDefined": false
      },
      {
        "text": "la",
        "meta": "@sys.location",
        "alias": "location",
        "userDefined": false
      },
      {
        "text": " differenza tra percorso assoluto e percorso relativo ",
        "userDefined": false
      },
      {
        "text": "in",
        "meta": "@sys.unit-length-name",
        "alias": "unit-length-name",
        "userDefined": false
      },
      {
        "text": " ",
        "userDefined": false
      },
      {
        "text": "UNIX",
        "meta": "@sys.location",
        "alias": "location1",
        "userDefined": false
      },
      {
        "text": "?",
        "userDefined": false
      }
    ],
    "isTemplate": false,
    "count": 0,
    "lang": "it",
    "updated": 0
  },
  {
    "data": [
      {
        "text": "Come si utilizzano ",
        "userDefined": false
      },
      {
        "text": "le",
        "meta": "@sys.person",
        "alias": "person",
        "userDefined": false
      },
      {
        "text": " wildcard nei ",
        "userDefined": false
      },
      {
        "text": "comandi",
        "meta": "@Chapter",
        "alias": "chapter",
        "userDefined": false
      },
      {
        "text": " ",
        "userDefined": false
      },
      {
        "text": "shell",
        "meta": "@Chapter",
        "alias": "chapter",
        "userDefined": false
      },
      {
        "text": " (",
        "userDefined": false
      },
      {
        "text": "es",
        "meta": "@sys.location",
        "alias": "location",
        "userDefined": false
      },
      {
        "text": ". ls *.txt)?",
        "userDefined": false
      }
    ],
    "isTemplate": false,
    "count": 0,
    "lang": "it",
    "updated": 0
  },
  {
    "data": [
      {
        "text": "Che cosa significa “ridirezionare” ",
        "userDefined": false
      },
      {
        "text": "lʼ",
        "meta": "@Chapter",
        "alias": "chapter",
        "userDefined": false
      },
      {
        "text": "input o ",
        "userDefined": false
      },
      {
        "text": "lʼ",
        "meta": "@Chapter",
        "alias": "chapter",
        "userDefined": false
      },
      {
        "text": "output in ",
        "userDefined": false
      },
      {
        "text": "una shell",
        "meta": "@sys.location",
        "alias": "location",
        "userDefined": false
      },
      {
        "text": "?",
        "userDefined": false
      }
    ],
    "isTemplate": false,
    "count": 0,
    "lang": "it",
    "updated": 0
  }
]