[
  {
    "id": "bc9e9181-06c4-4af4-8266-ae1a0693d66d",
    "data": [
      {
        "text": "Come funziona ",
        "userDefined": false
      },
      {
        "text": "l\u0027",
        "meta": "@Chapter",
        "alias": "chapter",
        "userDefined": false
      },
      {
        "text": "organizzazione dei blocchi in ",
        "userDefined": false
      },
      {
        "text": "UNIX",
        "meta": "@sys.location",
        "alias": "location",
        "userDefined": false
      },
      {
        "text": "?",
        "userDefined": false
      }
    ],
    "isTemplate": false,
    "count": 0,
    "lang": "it",
    "updated": 0
  },
  {
    "id": "ed879744-d0bf-4f45-9e91-e8c838f89a37",
    "data": [
      {
        "text": "Cosa contiene il superblock ",
        "userDefined": false
      },
      {
        "text": "in",
        "meta": "@sys.unit-length-name",
        "alias": "unit-length-name",
        "userDefined": false
      },
      {
        "text": " ",
        "userDefined": false
      },
      {
        "text": "UNIX",
        "meta": "@sys.location",
        "alias": "location",
        "userDefined": false
      },
      {
        "text": "?",
        "userDefined": false
      }
    ],
    "isTemplate": false,
    "count": 0,
    "lang": "it",
    "updated": 0
  },
  {
    "id": "0ef5d671-d15e-44a7-8226-11a44bb0099e",
    "data": [
      {
        "text": "Spiega la differenza tra ",
        "userDefined": false
      },
      {
        "text": "File System",
        "meta": "@Chapter",
        "alias": "chapter",
        "userDefined": false
      },
      {
        "text": " fisico e logico",
        "userDefined": false
      }
    ],
    "isTemplate": false,
    "count": 0,
    "lang": "it",
    "updated": 0
  },
  {
    "id": "748d83c9-0452-427c-a890-d423e4260ece",
    "data": [
      {
        "text": "Quali sono le componenti principali ",
        "userDefined": false
      },
      {
        "text": "di un File",
        "meta": "@Chapter",
        "alias": "chapter",
        "userDefined": false
      },
      {
        "text": " ",
        "userDefined": false
      },
      {
        "text": "System",
        "meta": "@Chapter",
        "alias": "chapter",
        "userDefined": false
      },
      {
        "text": " UNIX?",
        "userDefined": false
      }
    ],
    "isTemplate": false,
    "count": 0,
    "lang": "it",
    "updated": 0
  },
  {
    "id": "c29108e7-0248-4615-ac9b-87892c54e847",
    "data": [
      {
        "text": "Come è strutturato il ",
        "userDefined": false
      },
      {
        "text": "File System",
        "meta": "@Chapter",
        "alias": "chapter",
        "userDefined": false
      },
      {
        "text": " in UNIX?",
        "userDefined": false
      }
    ],
    "isTemplate": false,
    "count": 0,
    "lang": "it",
    "updated": 0
  },
  {
    "data": [
      {
        "text": "Quali sono le componenti principali ",
        "userDefined": false
      },
      {
        "text": "di un file",
        "meta": "@Chapter",
        "alias": "chapter",
        "userDefined": false
      },
      {
        "text": " ",
        "userDefined": false
      },
      {
        "text": "system",
        "meta": "@Chapter",
        "alias": "chapter",
        "userDefined": false
      },
      {
        "text": " UNIX?",
        "userDefined": false
      }
    ],
    "isTemplate": false,
    "count": 0,
    "lang": "it",
    "updated": 0
  },
  {
    "data": [
      {
        "text": "Cosʼè il superblock?",
        "userDefined": false
      }
    ],
    "isTemplate": false,
    "count": 0,
    "lang": "it",
    "updated": 0
  }
]