[
  {
    "id": "1caba859-dbff-4d16-a78c-4d04e8875e6a",
    "data": [
      {
        "text": "Perché alcuni ",
        "userDefined": false
      },
      {
        "text": "SO",
        "meta": "@sys.location",
        "alias": "location",
        "userDefined": false
      },
      {
        "text": " non riconoscono la struttura dei ",
        "userDefined": false
      },
      {
        "text": "file",
        "meta": "@Chapter",
        "alias": "chapter",
        "userDefined": false
      },
      {
        "text": "?",
        "userDefined": false
      }
    ],
    "isTemplate": false,
    "count": 0,
    "lang": "it",
    "updated": 0
  },
  {
    "id": "970c2d74-6f2e-4dbe-b6e1-10f143d4b4b5",
    "data": [
      {
        "text": "Cosa si intende ",
        "userDefined": false
      },
      {
        "text": "per \u0027",
        "meta": "@Chapter",
        "alias": "chapter",
        "userDefined": false
      },
      {
        "text": "stream ",
        "userDefined": false
      },
      {
        "text": "di",
        "meta": "@Chapter",
        "alias": "chapter1",
        "userDefined": false
      },
      {
        "text": " ",
        "userDefined": false
      },
      {
        "text": "byte",
        "meta": "@sys.unit-information-name",
        "alias": "unit-information-name",
        "userDefined": false
      },
      {
        "text": "\u0027?",
        "userDefined": false
      }
    ],
    "isTemplate": false,
    "count": 0,
    "lang": "it",
    "updated": 0
  },
  {
    "id": "7013caa0-c2c8-4c2a-a8be-56863d8c4f99",
    "data": [
      {
        "text": "Spiega la struttura dei ",
        "userDefined": false
      },
      {
        "text": "file",
        "meta": "@Chapter",
        "alias": "chapter",
        "userDefined": false
      },
      {
        "text": " in UNIX e ",
        "userDefined": false
      },
      {
        "text": "MS",
        "meta": "@sys.unit-speed-name",
        "alias": "unit-speed-name",
        "userDefined": false
      },
      {
        "text": "-DOS",
        "userDefined": false
      }
    ],
    "isTemplate": false,
    "count": 0,
    "lang": "it",
    "updated": 0
  },
  {
    "id": "838b64f4-247f-40f4-a4df-ee44a62ba6a0",
    "data": [
      {
        "text": "Che differenza c\u0027è tra ",
        "userDefined": false
      },
      {
        "text": "file di",
        "meta": "@Chapter",
        "alias": "chapter",
        "userDefined": false
      },
      {
        "text": " testo e ",
        "userDefined": false
      },
      {
        "text": "file",
        "meta": "@Chapter",
        "alias": "chapter1",
        "userDefined": false
      },
      {
        "text": " eseguibili?",
        "userDefined": false
      }
    ],
    "isTemplate": false,
    "count": 0,
    "lang": "it",
    "updated": 0
  },
  {
    "id": "bfb04779-5967-4d58-b954-f3d5a11303ac",
    "data": [
      {
        "text": "Quali tipi ",
        "userDefined": false
      },
      {
        "text": "di file",
        "meta": "@Chapter",
        "alias": "chapter",
        "userDefined": false
      },
      {
        "text": " riconosce ",
        "userDefined": false
      },
      {
        "text": "un Sistema Operativo",
        "meta": "@Chapter",
        "alias": "chapter1",
        "userDefined": false
      }
    ],
    "isTemplate": false,
    "count": 0,
    "lang": "it",
    "updated": 0
  }
]