[
  {
    "id": "72a1db6a-fd59-4ff2-8836-c985f9eb6591",
    "data": [
      {
        "text": "Come gestire i ",
        "userDefined": false
      },
      {
        "text": "processi",
        "meta": "@Chapter",
        "alias": "chapter",
        "userDefined": false
      },
      {
        "text": " zombie?",
        "userDefined": false
      }
    ],
    "isTemplate": false,
    "count": 0,
    "lang": "it",
    "updated": 0
  },
  {
    "id": "47f77b74-1f16-4d32-aac6-780dbfd7830c",
    "data": [
      {
        "text": "Cosa contiene il descrittore ",
        "userDefined": false
      },
      {
        "text": "di",
        "meta": "@Chapter",
        "alias": "chapter",
        "userDefined": false
      },
      {
        "text": " ",
        "userDefined": false
      },
      {
        "text": "processo",
        "meta": "@Chapter",
        "alias": "chapter",
        "userDefined": false
      },
      {
        "text": "?",
        "userDefined": false
      }
    ],
    "isTemplate": false,
    "count": 0,
    "lang": "it",
    "updated": 0
  },
  {
    "id": "5e007545-515e-4436-bad8-f7ea48048fa0",
    "data": [
      {
        "text": "Come funziona lo scheduling dei ",
        "userDefined": false
      },
      {
        "text": "processi",
        "meta": "@Chapter",
        "alias": "chapter",
        "userDefined": false
      },
      {
        "text": "?",
        "userDefined": false
      }
    ],
    "isTemplate": false,
    "count": 0,
    "lang": "it",
    "updated": 0
  },
  {
    "id": "aeee1315-2467-49d9-a56e-99c4549d485b",
    "data": [
      {
        "text": "Cosa causa lo stato sleeping ",
        "userDefined": false
      },
      {
        "text": "di",
        "meta": "@Chapter",
        "alias": "chapter",
        "userDefined": false
      },
      {
        "text": " un ",
        "userDefined": false
      },
      {
        "text": "processo",
        "meta": "@Chapter",
        "alias": "chapter",
        "userDefined": false
      },
      {
        "text": "?",
        "userDefined": false
      }
    ],
    "isTemplate": false,
    "count": 0,
    "lang": "it",
    "updated": 0
  },
  {
    "id": "3306fd95-2954-460f-9103-868f8edb20b6",
    "data": [
      {
        "text": "Spiega la transizione tra ",
        "userDefined": false
      },
      {
        "text": "ready",
        "meta": "@sys.person",
        "alias": "person",
        "userDefined": false
      },
      {
        "text": " e running",
        "userDefined": false
      }
    ],
    "isTemplate": false,
    "count": 0,
    "lang": "it",
    "updated": 0
  },
  {
    "id": "45435435-8519-4e34-a224-228aa9923a7a",
    "data": [
      {
        "text": "Quali sono gli stati ",
        "userDefined": false
      },
      {
        "text": "di",
        "meta": "@Chapter",
        "alias": "chapter",
        "userDefined": false
      },
      {
        "text": " un ",
        "userDefined": false
      },
      {
        "text": "processo",
        "meta": "@Chapter",
        "alias": "chapter",
        "userDefined": false
      },
      {
        "text": "?",
        "userDefined": false
      }
    ],
    "isTemplate": false,
    "count": 0,
    "lang": "it",
    "updated": 0
  },
  {
    "data": [
      {
        "text": "Quali sono gli stati possibili ",
        "userDefined": false
      },
      {
        "text": "di",
        "meta": "@Chapter",
        "alias": "chapter",
        "userDefined": false
      },
      {
        "text": " ",
        "userDefined": false
      },
      {
        "text": "un",
        "meta": "@sys.number",
        "alias": "number",
        "userDefined": false
      },
      {
        "text": " ",
        "userDefined": false
      },
      {
        "text": "processo UNIX",
        "meta": "@Chapter",
        "alias": "chapter",
        "userDefined": false
      },
      {
        "text": "?",
        "userDefined": false
      }
    ],
    "isTemplate": false,
    "count": 0,
    "lang": "it",
    "updated": 0
  }
]