[
  {
    "id": "0e06037c-77c8-4cf7-a7b8-d1f7f623cec2",
    "data": [
      {
        "text": "Qual è ",
        "userDefined": false
      },
      {
        "text": "il",
        "meta": "@sys.location",
        "alias": "location",
        "userDefined": false
      },
      {
        "text": " comando ",
        "userDefined": false
      },
      {
        "text": "per",
        "meta": "@Chapter",
        "alias": "chapter",
        "userDefined": false
      },
      {
        "text": " fare cartelle?",
        "userDefined": false
      }
    ],
    "isTemplate": false,
    "count": 0,
    "lang": "it",
    "updated": 0
  },
  {
    "id": "74462551-43f7-4dd5-a62c-8c24ac37b82b",
    "data": [
      {
        "text": "Come creare directory annidate?",
        "userDefined": false
      }
    ],
    "isTemplate": false,
    "count": 0,
    "lang": "it",
    "updated": 0
  },
  {
    "id": "ca9da0ab-1be7-4c43-a250-017b684742b9",
    "data": [
      {
        "text": "Come creare ",
        "userDefined": false
      },
      {
        "text": "una",
        "meta": "@sys.number",
        "alias": "number",
        "userDefined": false
      },
      {
        "text": " nuova directory?",
        "userDefined": false
      }
    ],
    "isTemplate": false,
    "count": 0,
    "lang": "it",
    "updated": 0
  },
  {
    "data": [
      {
        "text": "Come si crea ",
        "userDefined": false
      },
      {
        "text": "una",
        "meta": "@sys.number",
        "alias": "number",
        "userDefined": false
      },
      {
        "text": " directory annidata usando la ",
        "userDefined": false
      },
      {
        "text": "shell",
        "meta": "@Chapter",
        "alias": "chapter",
        "userDefined": false
      },
      {
        "text": "?",
        "userDefined": false
      }
    ],
    "isTemplate": false,
    "count": 0,
    "lang": "it",
    "updated": 0
  }
]