[
  {
    "id": "bfa22e17-ce52-45f4-8d91-4ec233084bcd",
    "data": [
      {
        "text": "ome",
        "meta": "@sys.location",
        "alias": "location",
        "userDefined": false
      },
      {
        "text": " funziona il meccanismo ",
        "userDefined": false
      },
      {
        "text": "TRAP",
        "meta": "@sys.music-genre",
        "alias": "music-genre",
        "userDefined": false
      },
      {
        "text": " ",
        "userDefined": false
      },
      {
        "text": "in una",
        "meta": "@sys.date",
        "alias": "date",
        "userDefined": false
      },
      {
        "text": " ",
        "userDefined": false
      },
      {
        "text": "system",
        "meta": "@Chapter",
        "alias": "chapter",
        "userDefined": false
      },
      {
        "text": " call?",
        "userDefined": false
      }
    ],
    "isTemplate": false,
    "count": 0,
    "lang": "it",
    "updated": 0
  },
  {
    "id": "cfb8a721-9ad5-47b7-9fba-9644875e5ebd",
    "data": [
      {
        "text": "Cosa significa \u0027atomicità\u0027 ",
        "userDefined": false
      },
      {
        "text": "nelle",
        "meta": "@Chapter",
        "alias": "chapter",
        "userDefined": false
      },
      {
        "text": " ",
        "userDefined": false
      },
      {
        "text": "primitive",
        "meta": "@Chapter",
        "alias": "chapter",
        "userDefined": false
      },
      {
        "text": "?",
        "userDefined": false
      }
    ],
    "isTemplate": false,
    "count": 0,
    "lang": "it",
    "updated": 0
  },
  {
    "id": "41d773d7-9fd1-442f-822b-e0680c8c88e4",
    "data": [
      {
        "text": "Come viene gestita ",
        "userDefined": false
      },
      {
        "text": "una",
        "meta": "@sys.number",
        "alias": "number",
        "userDefined": false
      },
      {
        "text": " ",
        "userDefined": false
      },
      {
        "text": "system",
        "meta": "@Chapter",
        "alias": "chapter",
        "userDefined": false
      },
      {
        "text": " call a livello hardware?",
        "userDefined": false
      }
    ],
    "isTemplate": false,
    "count": 0,
    "lang": "it",
    "updated": 0
  },
  {
    "id": "717dfb54-82de-4bc4-8e31-79ba292aa002",
    "data": [
      {
        "text": "Quali proprietà hanno ",
        "userDefined": false
      },
      {
        "text": "le",
        "meta": "@sys.person",
        "alias": "person",
        "userDefined": false
      },
      {
        "text": " ",
        "userDefined": false
      },
      {
        "text": "primitive del",
        "meta": "@Chapter",
        "alias": "chapter",
        "userDefined": false
      },
      {
        "text": " kernel?",
        "userDefined": false
      }
    ],
    "isTemplate": false,
    "count": 0,
    "lang": "it",
    "updated": 0
  },
  {
    "id": "28f17a28-d1d2-4805-81e1-41ecba068b7c",
    "data": [
      {
        "text": "Cosa sono le ",
        "userDefined": false
      },
      {
        "text": "primitive UNIX",
        "meta": "@Chapter",
        "alias": "chapter",
        "userDefined": false
      },
      {
        "text": "?",
        "userDefined": false
      }
    ],
    "isTemplate": false,
    "count": 0,
    "lang": "it",
    "updated": 0
  },
  {
    "data": [
      {
        "text": "Qual è la funzione ",
        "userDefined": false
      },
      {
        "text": "di",
        "meta": "@Chapter",
        "alias": "chapter",
        "userDefined": false
      },
      {
        "text": " ",
        "userDefined": false
      },
      {
        "text": "trap",
        "meta": "@sys.music-genre",
        "alias": "music-genre",
        "userDefined": false
      },
      {
        "text": " ",
        "userDefined": false
      },
      {
        "text": "in uno",
        "meta": "@sys.date",
        "alias": "date",
        "userDefined": false
      },
      {
        "text": " script ",
        "userDefined": false
      },
      {
        "text": "shell",
        "meta": "@Chapter",
        "alias": "chapter1",
        "userDefined": false
      },
      {
        "text": "?",
        "userDefined": false
      }
    ],
    "isTemplate": false,
    "count": 0,
    "lang": "it",
    "updated": 0
  }
]