[
  {
    "id": "301348f6-2a7e-451e-9cd6-8e7677ca4da1",
    "data": [
      {
        "text": "Come creare ",
        "userDefined": false
      },
      {
        "text": "un",
        "meta": "@sys.number",
        "alias": "number",
        "userDefined": false
      },
      {
        "text": " nuovo nome (quindi ",
        "userDefined": false
      },
      {
        "text": "un",
        "meta": "@sys.number",
        "alias": "number1",
        "userDefined": false
      },
      {
        "text": " nuovo pathname assoluto) ",
        "userDefined": false
      },
      {
        "text": "per",
        "meta": "@Chapter",
        "alias": "chapter",
        "userDefined": false
      },
      {
        "text": " un ",
        "userDefined": false
      },
      {
        "text": "file",
        "meta": "@Chapter",
        "alias": "chapter",
        "userDefined": false
      },
      {
        "text": " esistente?",
        "userDefined": false
      }
    ],
    "isTemplate": false,
    "count": 0,
    "lang": "it",
    "updated": 0
  },
  {
    "id": "1e5bb246-7133-4c44-a64e-3a6d436c76db",
    "data": [
      {
        "text": "Qual è la differenza tra hard link e soft link?",
        "userDefined": false
      }
    ],
    "isTemplate": false,
    "count": 0,
    "lang": "it",
    "updated": 0
  },
  {
    "id": "44065625-2563-45dc-b3c8-d0f01ce7c2d2",
    "data": [
      {
        "text": "Cosa succede se si chiama unlink ",
        "userDefined": false
      },
      {
        "text": "su un file",
        "meta": "@Chapter",
        "alias": "chapter",
        "userDefined": false
      },
      {
        "text": " ",
        "userDefined": false
      },
      {
        "text": "con",
        "meta": "@Chapter",
        "alias": "chapter",
        "userDefined": false
      },
      {
        "text": " più hard ",
        "userDefined": false
      },
      {
        "text": "link",
        "meta": "@sys.person",
        "alias": "person",
        "userDefined": false
      },
      {
        "text": "?",
        "userDefined": false
      }
    ],
    "isTemplate": false,
    "count": 0,
    "lang": "it",
    "updated": 0
  },
  {
    "id": "1b03bc45-efcd-4317-bc73-5dbce573f696",
    "data": [
      {
        "text": "Come implementare il ",
        "userDefined": false
      },
      {
        "text": "comando \u0027mv",
        "meta": "@sys.music-artist",
        "alias": "music-artist",
        "userDefined": false
      },
      {
        "text": "\u0027 usando link e unlink?",
        "userDefined": false
      }
    ],
    "isTemplate": false,
    "count": 0,
    "lang": "it",
    "updated": 0
  },
  {
    "id": "24121bdb-0bd4-40fc-8e3f-cb9f2e381628",
    "data": [
      {
        "text": "A cosa servono link e unlink ",
        "userDefined": false
      },
      {
        "text": "in",
        "meta": "@sys.unit-length-name",
        "alias": "unit-length-name",
        "userDefined": false
      },
      {
        "text": " ",
        "userDefined": false
      },
      {
        "text": "UNIX",
        "meta": "@sys.location",
        "alias": "location",
        "userDefined": false
      },
      {
        "text": "?",
        "userDefined": false
      }
    ],
    "isTemplate": false,
    "count": 0,
    "lang": "it",
    "updated": 0
  }
]