[
  {
    "id": "e29a2f46-c937-4faf-9062-e6ae998a5359",
    "data": [
      {
        "text": "Come funziona la modalità ",
        "userDefined": false
      },
      {
        "text": "di",
        "meta": "@Chapter",
        "alias": "chapter",
        "userDefined": false
      },
      {
        "text": " accesso (lettura/scrittura) a livello logico",
        "userDefined": false
      }
    ],
    "isTemplate": false,
    "count": 0,
    "lang": "it",
    "updated": 0
  },
  {
    "id": "f8759b91-7c61-494d-ab52-026c05d5f6f8",
    "data": [
      {
        "text": "Cosa succede se non si chiude ",
        "userDefined": false
      },
      {
        "text": "un",
        "meta": "@sys.number",
        "alias": "number",
        "userDefined": false
      },
      {
        "text": " ",
        "userDefined": false
      },
      {
        "text": "file",
        "meta": "@Chapter",
        "alias": "chapter",
        "userDefined": false
      },
      {
        "text": " a livello logico?",
        "userDefined": false
      }
    ],
    "isTemplate": false,
    "count": 0,
    "lang": "it",
    "updated": 0
  },
  {
    "id": "93bb2b19-b469-497f-97c0-3768dbbb6938",
    "data": [
      {
        "text": "Spiega ",
        "userDefined": false
      },
      {
        "text": "l\u0027",
        "meta": "@Chapter",
        "alias": "chapter",
        "userDefined": false
      },
      {
        "text": "overhead ",
        "userDefined": false
      },
      {
        "text": "nella",
        "meta": "@Chapter",
        "alias": "chapter",
        "userDefined": false
      },
      {
        "text": " gestione dei ",
        "userDefined": false
      },
      {
        "text": "file",
        "meta": "@Chapter",
        "alias": "chapter",
        "userDefined": false
      },
      {
        "text": " a livello logico",
        "userDefined": false
      }
    ],
    "isTemplate": false,
    "count": 0,
    "lang": "it",
    "updated": 0
  },
  {
    "id": "29680087-9b5f-43d4-b43c-08e989e5bf2b",
    "data": [
      {
        "text": "Cos\u0027è ",
        "userDefined": false
      },
      {
        "text": "la",
        "meta": "@sys.location",
        "alias": "location",
        "userDefined": false
      },
      {
        "text": " ",
        "userDefined": false
      },
      {
        "text": "tabella",
        "meta": "@Chapter",
        "alias": "chapter",
        "userDefined": false
      },
      {
        "text": " dei ",
        "userDefined": false
      },
      {
        "text": "file",
        "meta": "@Chapter",
        "alias": "chapter",
        "userDefined": false
      },
      {
        "text": " aperti a livello logico?",
        "userDefined": false
      }
    ],
    "isTemplate": false,
    "count": 0,
    "lang": "it",
    "updated": 0
  },
  {
    "id": "a20dd542-873e-4426-840d-7e55e8d76108",
    "data": [
      {
        "text": "Perché aprire e chiudere ",
        "userDefined": false
      },
      {
        "text": "un",
        "meta": "@sys.number",
        "alias": "number",
        "userDefined": false
      },
      {
        "text": " ",
        "userDefined": false
      },
      {
        "text": "file",
        "meta": "@Chapter",
        "alias": "chapter",
        "userDefined": false
      },
      {
        "text": " a livello logico?",
        "userDefined": false
      }
    ],
    "isTemplate": false,
    "count": 0,
    "lang": "it",
    "updated": 0
  }
]