[
  {
    "id": "01b83f98-4c4a-4b20-b1f3-5a4319b5fadf",
    "data": [
      {
        "text": "Esempio ",
        "userDefined": false
      },
      {
        "text": "di",
        "meta": "@Chapter",
        "alias": "chapter",
        "userDefined": false
      },
      {
        "text": " gestione errori ",
        "userDefined": false
      },
      {
        "text": "in",
        "meta": "@sys.unit-length-name",
        "alias": "unit-length-name",
        "userDefined": false
      },
      {
        "text": " open()",
        "userDefined": false
      }
    ],
    "isTemplate": false,
    "count": 0,
    "lang": "it",
    "updated": 0
  },
  {
    "id": "9162e2c5-1627-4b7a-8ecd-f4b99dd15dc5",
    "data": [
      {
        "text": "Come usare perror()?",
        "userDefined": false
      }
    ],
    "isTemplate": false,
    "count": 0,
    "lang": "it",
    "updated": 0
  },
  {
    "id": "de3a683c-7575-44ce-a2d4-dfa31b56ac9e",
    "data": [
      {
        "text": "A cosa serve la variabile errno?",
        "userDefined": false
      }
    ],
    "isTemplate": false,
    "count": 0,
    "lang": "it",
    "updated": 0
  },
  {
    "id": "83332c68-fa22-40db-8f84-08c3f5e0add6",
    "data": [
      {
        "text": "Come gestire errori ",
        "userDefined": false
      },
      {
        "text": "nelle",
        "meta": "@Chapter",
        "alias": "chapter",
        "userDefined": false
      },
      {
        "text": " ",
        "userDefined": false
      },
      {
        "text": "system",
        "meta": "@Chapter",
        "alias": "chapter",
        "userDefined": false
      },
      {
        "text": " call?",
        "userDefined": false
      }
    ],
    "isTemplate": false,
    "count": 0,
    "lang": "it",
    "updated": 0
  }
]