[
  {
    "id": "db9c8b4c-e639-4a81-9eef-a875f72c959b",
    "data": [
      {
        "text": "Dove trovare la sintassi completa dei ",
        "userDefined": false
      },
      {
        "text": "comandi",
        "meta": "@Chapter",
        "alias": "chapter",
        "userDefined": false
      },
      {
        "text": "?",
        "userDefined": false
      }
    ],
    "isTemplate": false,
    "count": 0,
    "lang": "it",
    "updated": 0
  },
  {
    "id": "924fa800-ed15-4e19-b8ea-018f7a85e0ff",
    "data": [
      {
        "text": "Come uscire ",
        "userDefined": false
      },
      {
        "text": "da man",
        "meta": "@sys.location",
        "alias": "location",
        "userDefined": false
      },
      {
        "text": "?",
        "userDefined": false
      }
    ],
    "isTemplate": false,
    "count": 0,
    "lang": "it",
    "updated": 0
  },
  {
    "id": "7c864b74-73c1-4181-af1b-1cbf0d490e55",
    "data": [
      {
        "text": "Come cercare ",
        "userDefined": false
      },
      {
        "text": "nella",
        "meta": "@Chapter",
        "alias": "chapter",
        "userDefined": false
      },
      {
        "text": " pagina ",
        "userDefined": false
      },
      {
        "text": "di",
        "meta": "@Chapter",
        "alias": "chapter",
        "userDefined": false
      },
      {
        "text": " manuale?",
        "userDefined": false
      }
    ],
    "isTemplate": false,
    "count": 0,
    "lang": "it",
    "updated": 0
  },
  {
    "id": "d2b1a4b4-9704-4d49-841d-9ee9f896c98c",
    "data": [
      {
        "text": "Cosa significa man?",
        "userDefined": false
      }
    ],
    "isTemplate": false,
    "count": 0,
    "lang": "it",
    "updated": 0
  },
  {
    "id": "6983af6c-2a73-479a-a5ee-57d4ec94bb88",
    "data": [
      {
        "text": "Come leggere il manuale ",
        "userDefined": false
      },
      {
        "text": "di",
        "meta": "@Chapter",
        "alias": "chapter",
        "userDefined": false
      },
      {
        "text": " ",
        "userDefined": false
      },
      {
        "text": "un",
        "meta": "@sys.number",
        "alias": "number",
        "userDefined": false
      },
      {
        "text": " comando?",
        "userDefined": false
      }
    ],
    "isTemplate": false,
    "count": 0,
    "lang": "it",
    "updated": 0
  }
]