[
  {
    "id": "ca3df703-6f0d-495b-a12a-fb02064ec2e8",
    "data": [
      {
        "text": "Che differenza c\u0027è tra nome assoluto e relativo?",
        "userDefined": false
      }
    ],
    "isTemplate": false,
    "count": 0,
    "lang": "it",
    "updated": 0
  },
  {
    "id": "47f98840-10eb-4cf1-837a-4491db589f28",
    "data": [
      {
        "text": "Come avviene a livello logico la cancellazione ",
        "userDefined": false
      },
      {
        "text": "di un file",
        "meta": "@Chapter",
        "alias": "chapter",
        "userDefined": false
      },
      {
        "text": "?",
        "userDefined": false
      }
    ],
    "isTemplate": false,
    "count": 0,
    "lang": "it",
    "updated": 0
  },
  {
    "id": "15fc89a0-f9f4-44a7-a26c-ed58aad289d6",
    "data": [
      {
        "text": "Cosa fa a livello logico la funzione SCRIVI?",
        "userDefined": false
      }
    ],
    "isTemplate": false,
    "count": 0,
    "lang": "it",
    "updated": 0
  },
  {
    "id": "1cef20ca-35ca-4aba-b5bf-dcd67eab128d",
    "data": [
      {
        "text": "Spiega a livello logico ",
        "userDefined": false
      },
      {
        "text": "la primitiva",
        "meta": "@sys.location",
        "alias": "location",
        "userDefined": false
      },
      {
        "text": " CREA",
        "userDefined": false
      }
    ],
    "isTemplate": false,
    "count": 0,
    "lang": "it",
    "updated": 0
  },
  {
    "id": "af04f4ea-fd4c-4a11-931e-248230a1641d",
    "data": [
      {
        "text": "Quali ",
        "userDefined": false
      },
      {
        "text": "operazioni",
        "meta": "@Chapter",
        "alias": "chapter",
        "userDefined": false
      },
      {
        "text": " a livello logico si possono eseguire ",
        "userDefined": false
      },
      {
        "text": "su un file",
        "meta": "@Chapter",
        "alias": "chapter1",
        "userDefined": false
      },
      {
        "text": "?",
        "userDefined": false
      }
    ],
    "isTemplate": false,
    "count": 0,
    "lang": "it",
    "updated": 0
  }
]