[
  {
    "id": "6083861f-e06a-4a4e-9fe6-754d76be5508",
    "data": [
      {
        "text": "Come ",
        "userDefined": false
      },
      {
        "text": "un",
        "meta": "@sys.number",
        "alias": "number",
        "userDefined": false
      },
      {
        "text": " ",
        "userDefined": false
      },
      {
        "text": "processo",
        "meta": "@Chapter",
        "alias": "chapter",
        "userDefined": false
      },
      {
        "text": " gestisce ",
        "userDefined": false
      },
      {
        "text": "i file",
        "meta": "@Chapter",
        "alias": "chapter",
        "userDefined": false
      },
      {
        "text": " aperti?",
        "userDefined": false
      }
    ],
    "isTemplate": false,
    "count": 0,
    "lang": "it",
    "updated": 0
  },
  {
    "id": "0787b3fd-4176-4b84-9193-82d14cebb54c",
    "data": [
      {
        "text": "Perché open() restituisce ",
        "userDefined": false
      },
      {
        "text": "un",
        "meta": "@sys.number",
        "alias": "number",
        "userDefined": false
      },
      {
        "text": " numero ",
        "userDefined": false
      },
      {
        "text": "intero",
        "meta": "@Chapter",
        "alias": "chapter",
        "userDefined": false
      },
      {
        "text": "?",
        "userDefined": false
      }
    ],
    "isTemplate": false,
    "count": 0,
    "lang": "it",
    "updated": 0
  },
  {
    "id": "a8ef0483-5f18-41fb-8df7-a39f9ccf8f08",
    "data": [
      {
        "text": "Qual è ",
        "userDefined": false
      },
      {
        "text": "il",
        "meta": "@sys.location",
        "alias": "location",
        "userDefined": false
      },
      {
        "text": " ruolo dei ",
        "userDefined": false
      },
      {
        "text": "file",
        "meta": "@Chapter",
        "alias": "chapter",
        "userDefined": false
      },
      {
        "text": " descriptor 0, ",
        "userDefined": false
      },
      {
        "text": "1 e 2",
        "meta": "@sys.time",
        "alias": "time",
        "userDefined": false
      },
      {
        "text": "?",
        "userDefined": false
      }
    ],
    "isTemplate": false,
    "count": 0,
    "lang": "it",
    "updated": 0
  },
  {
    "id": "1f7ceaf8-053c-4daa-b2c4-7611aaaa30d7",
    "data": [
      {
        "text": "Come funziona la ",
        "userDefined": false
      },
      {
        "text": "Tabella",
        "meta": "@Chapter",
        "alias": "chapter",
        "userDefined": false
      },
      {
        "text": " dei ",
        "userDefined": false
      },
      {
        "text": "File",
        "meta": "@Chapter",
        "alias": "chapter",
        "userDefined": false
      },
      {
        "text": " Aperti (TFA)?",
        "userDefined": false
      }
    ],
    "isTemplate": false,
    "count": 0,
    "lang": "it",
    "updated": 0
  },
  {
    "id": "087e10e2-4b46-45ec-88c3-bea8a45df5b5",
    "data": [
      {
        "text": "Che cosa sono ",
        "userDefined": false
      },
      {
        "text": "i file",
        "meta": "@Chapter",
        "alias": "chapter",
        "userDefined": false
      },
      {
        "text": " descriptor ",
        "userDefined": false
      },
      {
        "text": "in",
        "meta": "@sys.unit-length-name",
        "alias": "unit-length-name",
        "userDefined": false
      },
      {
        "text": " UNIX?",
        "userDefined": false
      }
    ],
    "isTemplate": false,
    "count": 0,
    "lang": "it",
    "updated": 0
  }
]