[
  {
    "id": "81c6b99b-0cbf-4743-adb7-8e28dabf17b2",
    "data": [
      {
        "text": "Cos\u0027è il problema produttore-consumatore?",
        "userDefined": false
      }
    ],
    "isTemplate": false,
    "count": 0,
    "lang": "it",
    "updated": 0
  },
  {
    "id": "779ab06a-da55-46d9-87be-553a3707f678",
    "data": [
      {
        "text": "Come si risolve il problema produttore-consumatore in ",
        "userDefined": false
      },
      {
        "text": "UNIX",
        "meta": "@sys.location",
        "alias": "location",
        "userDefined": false
      }
    ],
    "isTemplate": false,
    "count": 0,
    "lang": "it",
    "updated": 0
  },
  {
    "id": "cd05d26d-86bd-4b25-8c04-f08c45be22ce",
    "data": [
      {
        "text": "Spiega il ruolo ",
        "userDefined": false
      },
      {
        "text": "delle",
        "meta": "@Chapter",
        "alias": "chapter",
        "userDefined": false
      },
      {
        "text": " ",
        "userDefined": false
      },
      {
        "text": "pipe",
        "meta": "@Chapter",
        "alias": "chapter",
        "userDefined": false
      },
      {
        "text": " nel problema produttore-consumatore",
        "userDefined": false
      }
    ],
    "isTemplate": false,
    "count": 0,
    "lang": "it",
    "updated": 0
  },
  {
    "id": "ba7e9c4a-0659-495f-b1f7-c8d4966f7d23",
    "data": [
      {
        "text": "Fai ",
        "userDefined": false
      },
      {
        "text": "un",
        "meta": "@sys.number",
        "alias": "number",
        "userDefined": false
      },
      {
        "text": " esempio pratico ",
        "userDefined": false
      },
      {
        "text": "di",
        "meta": "@Chapter",
        "alias": "chapter",
        "userDefined": false
      },
      {
        "text": " produttore-consumatore",
        "userDefined": false
      }
    ],
    "isTemplate": false,
    "count": 0,
    "lang": "it",
    "updated": 0
  },
  {
    "id": "94bb44d8-5f31-4e13-8d63-f7ef0e21635c",
    "data": [
      {
        "text": "Quali sono le ",
        "userDefined": false
      },
      {
        "text": "sfide nella",
        "meta": "@Chapter",
        "alias": "chapter",
        "userDefined": false
      },
      {
        "text": " sincronizzazione tra produttore e consumatore?",
        "userDefined": false
      }
    ],
    "isTemplate": false,
    "count": 0,
    "lang": "it",
    "updated": 0
  }
]