[
  {
    "id": "d69fb122-8f47-470a-9549-a9cb7b585602",
    "data": [
      {
        "text": "Come vengono implementate ",
        "userDefined": false
      },
      {
        "text": "le",
        "meta": "@sys.person",
        "alias": "person",
        "userDefined": false
      },
      {
        "text": " directory in ",
        "userDefined": false
      },
      {
        "text": "UNIX",
        "meta": "@sys.location",
        "alias": "location",
        "userDefined": false
      },
      {
        "text": "?",
        "userDefined": false
      }
    ],
    "isTemplate": false,
    "count": 0,
    "lang": "it",
    "updated": 0
  },
  {
    "id": "8730c16c-3878-4892-a6ba-92682f5e0bd2",
    "data": [
      {
        "text": "Che cos\u0027è il numero ",
        "userDefined": false
      },
      {
        "text": "di",
        "meta": "@Chapter",
        "alias": "chapter",
        "userDefined": false
      },
      {
        "text": " link ",
        "userDefined": false
      },
      {
        "text": "nl",
        "meta": "@sys.location",
        "alias": "location",
        "userDefined": false
      },
      {
        "text": "?",
        "userDefined": false
      }
    ],
    "isTemplate": false,
    "count": 0,
    "lang": "it",
    "updated": 0
  },
  {
    "id": "6a4c70e4-c6e2-4130-9d86-d3bf9ab5c74a",
    "data": [
      {
        "text": "Come funziona il comando ln in UNIX?",
        "userDefined": false
      }
    ],
    "isTemplate": false,
    "count": 0,
    "lang": "it",
    "updated": 0
  },
  {
    "id": "c38e767f-b4fb-46b6-bb70-0648adeb396f",
    "data": [
      {
        "text": "Cosa contiene ",
        "userDefined": false
      },
      {
        "text": "un",
        "meta": "@sys.number",
        "alias": "number",
        "userDefined": false
      },
      {
        "text": " i-node?",
        "userDefined": false
      }
    ],
    "isTemplate": false,
    "count": 0,
    "lang": "it",
    "updated": 0
  },
  {
    "id": "70e46660-cf52-4b47-b36a-f7e9a00f0ff7",
    "data": [
      {
        "text": "Qual è la differenza tra hard link e symbolic link?",
        "userDefined": false
      }
    ],
    "isTemplate": false,
    "count": 0,
    "lang": "it",
    "updated": 0
  },
  {
    "data": [
      {
        "text": "Ln come funziona ?",
        "userDefined": false
      }
    ],
    "isTemplate": false,
    "count": 2,
    "lang": "it",
    "updated": 0
  },
  {
    "data": [
      {
        "text": "Cosʼè ",
        "userDefined": false
      },
      {
        "text": "un",
        "meta": "@sys.number",
        "alias": "number",
        "userDefined": false
      },
      {
        "text": " i-node e quali informazioni contiene?",
        "userDefined": false
      }
    ],
    "isTemplate": false,
    "count": 0,
    "lang": "it",
    "updated": 0
  },
  {
    "data": [
      {
        "text": "Spiega la differenza tra hard link e symbolic link in UNIX",
        "userDefined": false
      }
    ],
    "isTemplate": false,
    "count": 0,
    "lang": "it",
    "updated": 0
  }
]