[
  {
    "id": "7517e5fa-e999-43f5-ae47-7eab688332c9",
    "data": [
      {
        "text": "Come funziona la cancellazione ",
        "userDefined": false
      },
      {
        "text": "di un file",
        "meta": "@Chapter",
        "alias": "chapter",
        "userDefined": false
      },
      {
        "text": "?",
        "userDefined": false
      }
    ],
    "isTemplate": false,
    "count": 0,
    "lang": "it",
    "updated": 0
  },
  {
    "id": "77e031c0-3e1d-4f7f-9a78-0742405c4ce3",
    "data": [
      {
        "text": "Spiega il comando \u0027cp\u0027 ",
        "userDefined": false
      },
      {
        "text": "in",
        "meta": "@sys.unit-length-name",
        "alias": "unit-length-name",
        "userDefined": false
      },
      {
        "text": " UNIX",
        "userDefined": false
      }
    ],
    "isTemplate": false,
    "count": 0,
    "lang": "it",
    "updated": 0
  },
  {
    "id": "3ec4ece8-d464-4b0e-9f1f-afd8d4d63dba",
    "data": [
      {
        "text": "A cosa servono le wildcard nei nomi dei ",
        "userDefined": false
      },
      {
        "text": "file",
        "meta": "@Chapter",
        "alias": "chapter",
        "userDefined": false
      },
      {
        "text": "?",
        "userDefined": false
      }
    ],
    "isTemplate": false,
    "count": 0,
    "lang": "it",
    "updated": 0
  },
  {
    "id": "d69c21ac-16eb-45f6-99ef-99e6987e78b1",
    "data": [
      {
        "text": "Quali ",
        "userDefined": false
      },
      {
        "text": "comandi",
        "meta": "@Chapter",
        "alias": "chapter",
        "userDefined": false
      },
      {
        "text": " servono ",
        "userDefined": false
      },
      {
        "text": "per",
        "meta": "@Chapter",
        "alias": "chapter1",
        "userDefined": false
      },
      {
        "text": " gestire ",
        "userDefined": false
      },
      {
        "text": "i file",
        "meta": "@Chapter",
        "alias": "chapter2",
        "userDefined": false
      },
      {
        "text": " in ",
        "userDefined": false
      },
      {
        "text": "UNIX",
        "meta": "@sys.location",
        "alias": "location",
        "userDefined": false
      },
      {
        "text": "?",
        "userDefined": false
      }
    ],
    "isTemplate": false,
    "count": 0,
    "lang": "it",
    "updated": 0
  },
  {
    "data": [
      {
        "text": "Quali sono i principali ",
        "userDefined": false
      },
      {
        "text": "comandi",
        "meta": "@Chapter",
        "alias": "chapter",
        "userDefined": false
      },
      {
        "text": " per la gestione dei ",
        "userDefined": false
      },
      {
        "text": "file",
        "meta": "@Chapter",
        "alias": "chapter1",
        "userDefined": false
      },
      {
        "text": " in ",
        "userDefined": false
      },
      {
        "text": "UNIX",
        "meta": "@sys.location",
        "alias": "location",
        "userDefined": false
      },
      {
        "text": "?",
        "userDefined": false
      }
    ],
    "isTemplate": false,
    "count": 0,
    "lang": "it",
    "updated": 0
  }
]