[
  {
    "id": "dde08223-179a-4cc2-92d7-21e80c34bdb7",
    "data": [
      {
        "text": "Cosa succede se non si chiama wait()",
        "userDefined": false
      }
    ],
    "isTemplate": false,
    "count": 0,
    "lang": "it",
    "updated": 0
  },
  {
    "id": "7d3b3e09-151d-4f99-a3fe-5ec236fd814a",
    "data": [
      {
        "text": "Perché usare WEXITSTATUS?",
        "userDefined": false
      }
    ],
    "isTemplate": false,
    "count": 0,
    "lang": "it",
    "updated": 0
  },
  {
    "id": "9885dec6-d736-40b9-9e70-6401f6ce6de7",
    "data": [
      {
        "text": "Cosa restituisce exit()?",
        "userDefined": false
      }
    ],
    "isTemplate": false,
    "count": 0,
    "lang": "it",
    "updated": 0
  },
  {
    "id": "4b03286e-425c-46f3-bf75-59e91cd8715c",
    "data": [
      {
        "text": "Come recuperare lo status ",
        "userDefined": false
      },
      {
        "text": "di",
        "meta": "@Chapter",
        "alias": "chapter",
        "userDefined": false
      },
      {
        "text": " ",
        "userDefined": false
      },
      {
        "text": "un",
        "meta": "@sys.number",
        "alias": "number",
        "userDefined": false
      },
      {
        "text": " figlio?",
        "userDefined": false
      }
    ],
    "isTemplate": false,
    "count": 0,
    "lang": "it",
    "updated": 0
  },
  {
    "id": "7ea7798a-332a-4241-8c9d-550ef0a69bf9",
    "data": [
      {
        "text": "A cosa serve ",
        "userDefined": false
      },
      {
        "text": "la system",
        "meta": "@sys.location",
        "alias": "location",
        "userDefined": false
      },
      {
        "text": " call wait?",
        "userDefined": false
      }
    ],
    "isTemplate": false,
    "count": 0,
    "lang": "it",
    "updated": 0
  },
  {
    "data": [
      {
        "text": "A cosa serve ",
        "userDefined": false
      },
      {
        "text": "la system",
        "meta": "@sys.location",
        "alias": "location",
        "userDefined": false
      },
      {
        "text": " call wait()?",
        "userDefined": false
      }
    ],
    "isTemplate": false,
    "count": 0,
    "lang": "it",
    "updated": 0
  }
]