[
  {
    "id": "7f493039-409a-4fba-af60-03839e03ea30",
    "data": [
      {
        "text": "Come funziona ",
        "userDefined": false
      },
      {
        "text": "l\u0027",
        "meta": "@Chapter",
        "alias": "chapter",
        "userDefined": false
      },
      {
        "text": "array dei ",
        "userDefined": false
      },
      {
        "text": "file",
        "meta": "@Chapter",
        "alias": "chapter",
        "userDefined": false
      },
      {
        "text": " descriptor in Linux?",
        "userDefined": false
      }
    ],
    "isTemplate": false,
    "count": 0,
    "lang": "it",
    "updated": 0
  },
  {
    "id": "9e845467-817d-4373-838c-d2d03fc2623d",
    "data": [
      {
        "text": "Qual è il ruolo ",
        "userDefined": false
      },
      {
        "text": "della",
        "meta": "@Chapter",
        "alias": "chapter",
        "userDefined": false
      },
      {
        "text": " struct inode?",
        "userDefined": false
      }
    ],
    "isTemplate": false,
    "count": 0,
    "lang": "it",
    "updated": 0
  },
  {
    "id": "0e3e53d1-02bf-4a54-a545-0277f64214a0",
    "data": [
      {
        "text": "Cosa contiene la struct ",
        "userDefined": false
      },
      {
        "text": "file",
        "meta": "@Chapter",
        "alias": "chapter",
        "userDefined": false
      },
      {
        "text": " nel kernel?",
        "userDefined": false
      }
    ],
    "isTemplate": false,
    "count": 0,
    "lang": "it",
    "updated": 0
  },
  {
    "id": "e85d4ed1-a3a4-4b9a-b17c-9b12cb8c8e0a",
    "data": [
      {
        "text": "Spiega la struttura files_struct in Linux",
        "userDefined": false
      }
    ],
    "isTemplate": false,
    "count": 0,
    "lang": "it",
    "updated": 0
  },
  {
    "id": "43dcb012-56bb-4c07-8e94-4479f9044d74",
    "data": [
      {
        "text": "Come sono gestiti ",
        "userDefined": false
      },
      {
        "text": "i file",
        "meta": "@Chapter",
        "alias": "chapter",
        "userDefined": false
      },
      {
        "text": " nel kernel Linux?",
        "userDefined": false
      }
    ],
    "isTemplate": false,
    "count": 0,
    "lang": "it",
    "updated": 0
  }
]