[
  {
    "id": "1f8652e4-90dc-4f21-b9c3-dbd7cf1d7b3c",
    "data": [
      {
        "text": "Posso leggere da file usando `\u003c` ",
        "userDefined": false
      },
      {
        "text": "nella",
        "meta": "@Chapter",
        "alias": "chapter",
        "userDefined": false
      },
      {
        "text": " ",
        "userDefined": false
      },
      {
        "text": "shell",
        "meta": "@Chapter",
        "alias": "chapter",
        "userDefined": false
      },
      {
        "text": "?",
        "userDefined": false
      }
    ],
    "isTemplate": false,
    "count": 0,
    "lang": "it",
    "updated": 0
  },
  {
    "id": "ca2cc864-0799-4e18-81e9-674e684ed46f",
    "data": [
      {
        "text": "Come si reindirizzano gli errori?",
        "userDefined": false
      }
    ],
    "isTemplate": false,
    "count": 0,
    "lang": "it",
    "updated": 0
  },
  {
    "id": "eba57bcb-ea91-43bc-8010-0da52705b535",
    "data": [
      {
        "text": "Spiegami la sintassi ",
        "userDefined": false
      },
      {
        "text": "di",
        "meta": "@Chapter",
        "alias": "chapter",
        "userDefined": false
      },
      {
        "text": " `",
        "userDefined": false
      },
      {
        "text": "2",
        "meta": "@sys.date-time",
        "alias": "date-time",
        "userDefined": false
      },
      {
        "text": "\u003e` e `\u003e\u0026`",
        "userDefined": false
      }
    ],
    "isTemplate": false,
    "count": 0,
    "lang": "it",
    "updated": 0
  },
  {
    "id": "d020da4f-48db-4ba1-8ba3-5d74c41e47dd",
    "data": [
      {
        "text": "Che differenza c\u0027è tra `\u003e` e `\u003e\u003e`?",
        "userDefined": false
      }
    ],
    "isTemplate": false,
    "count": 0,
    "lang": "it",
    "updated": 0
  },
  {
    "id": "24de7662-bfe1-4229-a286-14e9420efc5e",
    "data": [
      {
        "text": "Come funziona la redirezione ",
        "userDefined": false
      },
      {
        "text": "in",
        "meta": "@sys.unit-length-name",
        "alias": "unit-length-name",
        "userDefined": false
      },
      {
        "text": " ",
        "userDefined": false
      },
      {
        "text": "UNIX",
        "meta": "@sys.location",
        "alias": "location",
        "userDefined": false
      },
      {
        "text": "?",
        "userDefined": false
      }
    ],
    "isTemplate": false,
    "count": 0,
    "lang": "it",
    "updated": 0
  },
  {
    "id": "7f6bb564-f6b6-400a-acb0-992442796016",
    "data": [
      {
        "text": "Qual è la differenza tra ",
        "userDefined": false
      },
      {
        "text": "comandi",
        "meta": "@Chapter",
        "alias": "chapter",
        "userDefined": false
      },
      {
        "text": " interni ed esterni?",
        "userDefined": false
      }
    ],
    "isTemplate": false,
    "count": 0,
    "lang": "it",
    "updated": 0
  },
  {
    "id": "f5440acc-6635-4836-80e2-1158d46ab885",
    "data": [
      {
        "text": "Fammi degli esempi ",
        "userDefined": false
      },
      {
        "text": "di",
        "meta": "@Chapter",
        "alias": "chapter",
        "userDefined": false
      },
      {
        "text": " ",
        "userDefined": false
      },
      {
        "text": "comandi",
        "meta": "@Chapter",
        "alias": "chapter",
        "userDefined": false
      },
      {
        "text": " come ",
        "userDefined": false
      },
      {
        "text": "cat",
        "meta": "@sys.person",
        "alias": "person",
        "userDefined": false
      },
      {
        "text": ", grep e ",
        "userDefined": false
      },
      {
        "text": "sort",
        "meta": "@sys.color",
        "alias": "color",
        "userDefined": false
      }
    ],
    "isTemplate": false,
    "count": 0,
    "lang": "it",
    "updated": 0
  },
  {
    "id": "1ba2d061-1d48-48ec-ad55-d6abb98cf53e",
    "data": [
      {
        "text": "Che cos\u0027è ",
        "userDefined": false
      },
      {
        "text": "un",
        "meta": "@sys.number",
        "alias": "number",
        "userDefined": false
      },
      {
        "text": " comando filtro?",
        "userDefined": false
      }
    ],
    "isTemplate": false,
    "count": 0,
    "lang": "it",
    "updated": 0
  },
  {
    "id": "908b8a3f-5cae-4722-9ab2-17d5904bfacd",
    "data": [
      {
        "text": "Quali sono i ",
        "userDefined": false
      },
      {
        "text": "comandi",
        "meta": "@Chapter",
        "alias": "chapter",
        "userDefined": false
      },
      {
        "text": " base ",
        "userDefined": false
      },
      {
        "text": "di UNIX",
        "meta": "@Chapter",
        "alias": "chapter1",
        "userDefined": false
      },
      {
        "text": "?",
        "userDefined": false
      }
    ],
    "isTemplate": false,
    "count": 0,
    "lang": "it",
    "updated": 0
  },
  {
    "data": [
      {
        "text": "Mostrami la differenza tra ",
        "userDefined": false
      },
      {
        "text": "comando interno",
        "meta": "@sys.music-artist",
        "alias": "music-artist",
        "userDefined": false
      },
      {
        "text": " e comando esterno ",
        "userDefined": false
      },
      {
        "text": "della",
        "meta": "@Chapter",
        "alias": "chapter",
        "userDefined": false
      },
      {
        "text": " ",
        "userDefined": false
      },
      {
        "text": "shell UNIX",
        "meta": "@Chapter",
        "alias": "chapter",
        "userDefined": false
      },
      {
        "text": ".",
        "userDefined": false
      }
    ],
    "isTemplate": false,
    "count": 1,
    "lang": "it",
    "updated": 0
  },
  {
    "data": [
      {
        "text": "Come posso controllare ",
        "userDefined": false
      },
      {
        "text": "lʼ",
        "meta": "@Chapter",
        "alias": "chapter",
        "userDefined": false
      },
      {
        "text": "output e ",
        "userDefined": false
      },
      {
        "text": "lʼ",
        "meta": "@Chapter",
        "alias": "chapter1",
        "userDefined": false
      },
      {
        "text": "errore standard nei ",
        "userDefined": false
      },
      {
        "text": "comandi",
        "meta": "@Chapter",
        "alias": "chapter2",
        "userDefined": false
      },
      {
        "text": " ",
        "userDefined": false
      },
      {
        "text": "shell",
        "meta": "@Chapter",
        "alias": "chapter2",
        "userDefined": false
      },
      {
        "text": "?",
        "userDefined": false
      }
    ],
    "isTemplate": false,
    "count": 0,
    "lang": "it",
    "updated": 0
  }
]