[
  {
    "id": "dc02e8b5-2883-4832-8117-d5dc2460b47d",
    "data": [
      {
        "text": "Qual è il ruolo dei ",
        "userDefined": false
      },
      {
        "text": "file",
        "meta": "@Chapter",
        "alias": "chapter",
        "userDefined": false
      },
      {
        "text": " descriptor?",
        "userDefined": false
      }
    ],
    "isTemplate": false,
    "count": 0,
    "lang": "it",
    "updated": 0
  },
  {
    "id": "adc1c82c-13c3-4537-ae94-0b56dc4a850a",
    "data": [
      {
        "text": "Cosa contiene la ",
        "userDefined": false
      },
      {
        "text": "Tabella",
        "meta": "@Chapter",
        "alias": "chapter",
        "userDefined": false
      },
      {
        "text": " dei ",
        "userDefined": false
      },
      {
        "text": "File",
        "meta": "@Chapter",
        "alias": "chapter1",
        "userDefined": false
      },
      {
        "text": " Aperti ",
        "userDefined": false
      },
      {
        "text": "di",
        "meta": "@Chapter",
        "alias": "chapter1",
        "userDefined": false
      },
      {
        "text": " ",
        "userDefined": false
      },
      {
        "text": "sistema",
        "meta": "@Chapter",
        "alias": "chapter1",
        "userDefined": false
      },
      {
        "text": "?",
        "userDefined": false
      }
    ],
    "isTemplate": false,
    "count": 0,
    "lang": "it",
    "updated": 0
  },
  {
    "id": "e3d4e6be-cc09-4cdf-a096-2a9098e3e671",
    "data": [
      {
        "text": "Come funziona la ",
        "userDefined": false
      },
      {
        "text": "Tabella",
        "meta": "@Chapter",
        "alias": "chapter",
        "userDefined": false
      },
      {
        "text": " degli i-node attivi?",
        "userDefined": false
      }
    ],
    "isTemplate": false,
    "count": 0,
    "lang": "it",
    "updated": 0
  },
  {
    "id": "a985f1be-a2c7-4343-a3c6-f9609da509b3",
    "data": [
      {
        "text": "Spiega la ",
        "userDefined": false
      },
      {
        "text": "Tabella",
        "meta": "@Chapter",
        "alias": "chapter",
        "userDefined": false
      },
      {
        "text": " dei ",
        "userDefined": false
      },
      {
        "text": "File",
        "meta": "@Chapter",
        "alias": "chapter1",
        "userDefined": false
      },
      {
        "text": " Aperti (TFA) ",
        "userDefined": false
      },
      {
        "text": "di",
        "meta": "@Chapter",
        "alias": "chapter1",
        "userDefined": false
      },
      {
        "text": " ",
        "userDefined": false
      },
      {
        "text": "processo",
        "meta": "@Chapter",
        "alias": "chapter1",
        "userDefined": false
      }
    ],
    "isTemplate": false,
    "count": 0,
    "lang": "it",
    "updated": 0
  },
  {
    "id": "c68c1585-eaf0-4e37-b334-d18f12a96953",
    "data": [
      {
        "text": "Quali ",
        "userDefined": false
      },
      {
        "text": "tabelle",
        "meta": "@Chapter",
        "alias": "chapter",
        "userDefined": false
      },
      {
        "text": " gestiscono ",
        "userDefined": false
      },
      {
        "text": "i file",
        "meta": "@Chapter",
        "alias": "chapter1",
        "userDefined": false
      },
      {
        "text": " aperti in ",
        "userDefined": false
      },
      {
        "text": "UNIX",
        "meta": "@sys.location",
        "alias": "location",
        "userDefined": false
      },
      {
        "text": "?",
        "userDefined": false
      }
    ],
    "isTemplate": false,
    "count": 0,
    "lang": "it",
    "updated": 0
  }
]