[
  {
    "id": "84ea3429-2d53-42ee-abe4-0a89236fcaff",
    "data": [
      {
        "text": "Come funziona la gestione dei buffer in ",
        "userDefined": false
      },
      {
        "text": "UNIX",
        "meta": "@sys.location",
        "alias": "location",
        "userDefined": false
      },
      {
        "text": "?",
        "userDefined": false
      }
    ],
    "isTemplate": false,
    "count": 0,
    "lang": "it",
    "updated": 0
  },
  {
    "id": "b3e883d2-7fac-429f-9301-ec679006c769",
    "data": [
      {
        "text": "Quando viene chiamata automaticamente sync?",
        "userDefined": false
      }
    ],
    "isTemplate": false,
    "count": 0,
    "lang": "it",
    "updated": 0
  },
  {
    "id": "3f840a64-4a98-4283-a373-3c48a75a01a5",
    "data": [
      {
        "text": "Cosa succede se il ",
        "userDefined": false
      },
      {
        "text": "sistema",
        "meta": "@Chapter",
        "alias": "chapter",
        "userDefined": false
      },
      {
        "text": " va in crash ",
        "userDefined": false
      },
      {
        "text": "prima",
        "meta": "@sys.number",
        "alias": "number",
        "userDefined": false
      },
      {
        "text": " ",
        "userDefined": false
      },
      {
        "text": "di",
        "meta": "@Chapter",
        "alias": "chapter1",
        "userDefined": false
      },
      {
        "text": " ",
        "userDefined": false
      },
      {
        "text": "una",
        "meta": "@sys.number",
        "alias": "number1",
        "userDefined": false
      },
      {
        "text": " invocazione alla ",
        "userDefined": false
      },
      {
        "text": "primitiva",
        "meta": "@Chapter",
        "alias": "chapter2",
        "userDefined": false
      },
      {
        "text": " sync?",
        "userDefined": false
      }
    ],
    "isTemplate": false,
    "count": 0,
    "lang": "it",
    "updated": 0
  },
  {
    "id": "7fde359d-a305-4b05-be23-9bae02314fbf",
    "data": [
      {
        "text": "Perché è necessario sincronizzare ",
        "userDefined": false
      },
      {
        "text": "disco",
        "meta": "@sys.location",
        "alias": "location",
        "userDefined": false
      },
      {
        "text": " e memoria?",
        "userDefined": false
      }
    ],
    "isTemplate": false,
    "count": 0,
    "lang": "it",
    "updated": 0
  },
  {
    "id": "f550f6d0-3161-49b3-a0f8-b58a759b6075",
    "data": [
      {
        "text": "A cosa serve ",
        "userDefined": false
      },
      {
        "text": "la primitiva",
        "meta": "@sys.location",
        "alias": "location",
        "userDefined": false
      },
      {
        "text": " sync() ",
        "userDefined": false
      },
      {
        "text": "in",
        "meta": "@sys.unit-length-name",
        "alias": "unit-length-name",
        "userDefined": false
      },
      {
        "text": " ",
        "userDefined": false
      },
      {
        "text": "UNIX",
        "meta": "@sys.location",
        "alias": "location1",
        "userDefined": false
      },
      {
        "text": "?",
        "userDefined": false
      }
    ],
    "isTemplate": false,
    "count": 0,
    "lang": "it",
    "updated": 0
  }
]