[
  {
    "id": "8b020435-bb9e-487d-85ce-376304c32cab",
    "data": [
      {
        "text": "Come gestire gli errori ",
        "userDefined": false
      },
      {
        "text": "nella",
        "meta": "@Chapter",
        "alias": "chapter",
        "userDefined": false
      },
      {
        "text": " creazione ",
        "userDefined": false
      },
      {
        "text": "di",
        "meta": "@Chapter",
        "alias": "chapter",
        "userDefined": false
      },
      {
        "text": " una ",
        "userDefined": false
      },
      {
        "text": "pipe",
        "meta": "@Chapter",
        "alias": "chapter",
        "userDefined": false
      },
      {
        "text": "?",
        "userDefined": false
      }
    ],
    "isTemplate": false,
    "count": 0,
    "lang": "it",
    "updated": 0
  },
  {
    "id": "6ac5adc9-5122-42b8-8895-fbcbf0bace27",
    "data": [
      {
        "text": "Spiega ",
        "userDefined": false
      },
      {
        "text": "i file",
        "meta": "@Chapter",
        "alias": "chapter",
        "userDefined": false
      },
      {
        "text": " descriptor ",
        "userDefined": false
      },
      {
        "text": "delle",
        "meta": "@Chapter",
        "alias": "chapter",
        "userDefined": false
      },
      {
        "text": " ",
        "userDefined": false
      },
      {
        "text": "pipe",
        "meta": "@Chapter",
        "alias": "chapter",
        "userDefined": false
      }
    ],
    "isTemplate": false,
    "count": 0,
    "lang": "it",
    "updated": 0
  },
  {
    "id": "3fe929e2-19b0-4d5f-8b94-a8921619f3d2",
    "data": [
      {
        "text": "Cosa restituisce ",
        "userDefined": false
      },
      {
        "text": "la system",
        "meta": "@sys.location",
        "alias": "location",
        "userDefined": false
      },
      {
        "text": " call ",
        "userDefined": false
      },
      {
        "text": "pipe",
        "meta": "@Chapter",
        "alias": "chapter",
        "userDefined": false
      },
      {
        "text": "()?",
        "userDefined": false
      }
    ],
    "isTemplate": false,
    "count": 0,
    "lang": "it",
    "updated": 0
  },
  {
    "id": "6e6d3a03-9462-4f13-bb1d-6686a24c7e6d",
    "data": [
      {
        "text": "Quali sono i passi per usare ",
        "userDefined": false
      },
      {
        "text": "una",
        "meta": "@sys.number",
        "alias": "number",
        "userDefined": false
      },
      {
        "text": " ",
        "userDefined": false
      },
      {
        "text": "pipe",
        "meta": "@Chapter",
        "alias": "chapter",
        "userDefined": false
      },
      {
        "text": " tra ",
        "userDefined": false
      },
      {
        "text": "processi",
        "meta": "@Chapter",
        "alias": "chapter",
        "userDefined": false
      },
      {
        "text": "?",
        "userDefined": false
      }
    ],
    "isTemplate": false,
    "count": 0,
    "lang": "it",
    "updated": 0
  },
  {
    "id": "bc5ef11d-981f-4125-9c7f-52c29c9bbb18",
    "data": [
      {
        "text": "Come si crea ",
        "userDefined": false
      },
      {
        "text": "una",
        "meta": "@sys.number",
        "alias": "number",
        "userDefined": false
      },
      {
        "text": " ",
        "userDefined": false
      },
      {
        "text": "pipe",
        "meta": "@Chapter",
        "alias": "chapter",
        "userDefined": false
      },
      {
        "text": " in ",
        "userDefined": false
      },
      {
        "text": "UNIX",
        "meta": "@sys.location",
        "alias": "location",
        "userDefined": false
      },
      {
        "text": "?",
        "userDefined": false
      }
    ],
    "isTemplate": false,
    "count": 0,
    "lang": "it",
    "updated": 0
  }
]