[
  {
    "id": "33fffe09-21b8-476e-8f59-8027eed84361",
    "data": [
      {
        "text": "Quali sono i parametri ",
        "userDefined": false
      },
      {
        "text": "di",
        "meta": "@Chapter",
        "alias": "chapter",
        "userDefined": false
      },
      {
        "text": " lseek?",
        "userDefined": false
      }
    ],
    "isTemplate": false,
    "count": 0,
    "lang": "it",
    "updated": 0
  },
  {
    "id": "3c9e8cbc-962f-4f78-bb97-e323317e7a6a",
    "data": [
      {
        "text": "Cosa restituisce lseek dopo ",
        "userDefined": false
      },
      {
        "text": "uno",
        "meta": "@sys.number",
        "alias": "number",
        "userDefined": false
      },
      {
        "text": " spostamento?",
        "userDefined": false
      }
    ],
    "isTemplate": false,
    "count": 0,
    "lang": "it",
    "updated": 0
  },
  {
    "id": "29a68189-6bd7-4174-a1a9-9d822ce988ed",
    "data": [
      {
        "text": "Come calcolare la lunghezza ",
        "userDefined": false
      },
      {
        "text": "di un file con",
        "meta": "@Chapter",
        "alias": "chapter",
        "userDefined": false
      },
      {
        "text": " lseek?",
        "userDefined": false
      }
    ],
    "isTemplate": false,
    "count": 0,
    "lang": "it",
    "updated": 0
  },
  {
    "id": "6b31dd97-a23b-4b1f-9400-19277ec7fa3b",
    "data": [
      {
        "text": "Come posizionare il ",
        "userDefined": false
      },
      {
        "text": "file",
        "meta": "@Chapter",
        "alias": "chapter",
        "userDefined": false
      },
      {
        "text": " pointer alla ",
        "userDefined": false
      },
      {
        "text": "fine di un file",
        "meta": "@Chapter",
        "alias": "chapter1",
        "userDefined": false
      }
    ],
    "isTemplate": false,
    "count": 0,
    "lang": "it",
    "updated": 0
  },
  {
    "id": "36557b54-15b0-495c-9f76-07e1b5e78550",
    "data": [
      {
        "text": "A cosa serve la funzione lseek?",
        "userDefined": false
      }
    ],
    "isTemplate": false,
    "count": 0,
    "lang": "it",
    "updated": 0
  },
  {
    "data": [
      {
        "text": "Che cosʼè ",
        "userDefined": false
      },
      {
        "text": "la",
        "meta": "@Chapter",
        "alias": "chapter",
        "userDefined": false
      },
      {
        "text": " funzione lseek() e come si usa?",
        "userDefined": false
      }
    ],
    "isTemplate": false,
    "count": 0,
    "lang": "it",
    "updated": 0
  }
]