[
  {
    "id": "ec629c6c-d3c3-4cbc-a0f5-6c8dd03825c9",
    "data": [
      {
        "text": "Come chiudere correttamente ",
        "userDefined": false
      },
      {
        "text": "un",
        "meta": "@sys.number",
        "alias": "number",
        "userDefined": false
      },
      {
        "text": " ",
        "userDefined": false
      },
      {
        "text": "file con",
        "meta": "@Chapter",
        "alias": "chapter",
        "userDefined": false
      },
      {
        "text": " close()?",
        "userDefined": false
      }
    ],
    "isTemplate": false,
    "count": 1,
    "lang": "it",
    "updated": 0
  },
  {
    "id": "5fc3158f-070e-4bba-9136-1b7c51ffea09",
    "data": [
      {
        "text": "Come gestire gli errori ",
        "userDefined": false
      },
      {
        "text": "in",
        "meta": "@sys.unit-length-name",
        "alias": "unit-length-name",
        "userDefined": false
      },
      {
        "text": " open()?",
        "userDefined": false
      }
    ],
    "isTemplate": false,
    "count": 0,
    "lang": "it",
    "updated": 0
  },
  {
    "id": "12cc01db-4d96-4e72-83de-df608450f1d4",
    "data": [
      {
        "text": "Qual è la differenza tra ",
        "userDefined": false
      },
      {
        "text": "creat",
        "meta": "@sys.location",
        "alias": "location",
        "userDefined": false
      },
      {
        "text": " () e open()?\"",
        "userDefined": false
      }
    ],
    "isTemplate": false,
    "count": 0,
    "lang": "it",
    "updated": 0
  },
  {
    "id": "e669586f-bd02-484b-adf1-9a8f04265515",
    "data": [
      {
        "text": "Quali flag posso mettere ",
        "userDefined": false
      },
      {
        "text": "nella",
        "meta": "@Chapter",
        "alias": "chapter",
        "userDefined": false
      },
      {
        "text": " open?\"",
        "userDefined": false
      }
    ],
    "isTemplate": false,
    "count": 0,
    "lang": "it",
    "updated": 0
  },
  {
    "id": "68046cf3-4d9d-41cd-b85f-da6bf2216e88",
    "data": [
      {
        "text": "Come si usa la ",
        "userDefined": false
      },
      {
        "text": "primitiva",
        "meta": "@Chapter",
        "alias": "chapter",
        "userDefined": false
      },
      {
        "text": " open() ",
        "userDefined": false
      },
      {
        "text": "in",
        "meta": "@sys.unit-length-name",
        "alias": "unit-length-name",
        "userDefined": false
      },
      {
        "text": " C?\"",
        "userDefined": false
      }
    ],
    "isTemplate": false,
    "count": 0,
    "lang": "it",
    "updated": 0
  },
  {
    "data": [
      {
        "text": "A cosa servono le ",
        "userDefined": false
      },
      {
        "text": "primitive",
        "meta": "@Chapter",
        "alias": "chapter",
        "userDefined": false
      },
      {
        "text": " open()",
        "userDefined": false
      },
      {
        "text": ", read(),",
        "meta": "@Chapter",
        "alias": "chapter",
        "userDefined": false
      },
      {
        "text": " write() e ",
        "userDefined": false
      },
      {
        "text": "close",
        "meta": "@sys.person",
        "alias": "person",
        "userDefined": false
      },
      {
        "text": "()?",
        "userDefined": false
      }
    ],
    "isTemplate": false,
    "count": 0,
    "lang": "it",
    "updated": 0
  },
  {
    "data": [
      {
        "text": "Cosa succede se non chiudo ",
        "userDefined": false
      },
      {
        "text": "un",
        "meta": "@sys.number",
        "alias": "number",
        "userDefined": false
      },
      {
        "text": " ",
        "userDefined": false
      },
      {
        "text": "file",
        "meta": "@Chapter",
        "alias": "chapter",
        "userDefined": false
      },
      {
        "text": " dopo averlo aperto in C?",
        "userDefined": false
      }
    ],
    "isTemplate": false,
    "count": 0,
    "lang": "it",
    "updated": 0
  }
]