[
  {
    "id": "fd7b5368-9586-49ab-96fd-33819e12d214",
    "data": [
      {
        "text": "Spiega i ",
        "userDefined": false
      },
      {
        "text": "tre",
        "meta": "@sys.date-time",
        "alias": "date-time",
        "userDefined": false
      },
      {
        "text": " tipi ",
        "userDefined": false
      },
      {
        "text": "di",
        "meta": "@Chapter",
        "alias": "chapter",
        "userDefined": false
      },
      {
        "text": " nomi ",
        "userDefined": false
      },
      {
        "text": "di file",
        "meta": "@Chapter",
        "alias": "chapter1",
        "userDefined": false
      },
      {
        "text": " ",
        "userDefined": false
      },
      {
        "text": "in una",
        "meta": "@sys.date",
        "alias": "date",
        "userDefined": false
      },
      {
        "text": " struttura ad ",
        "userDefined": false
      },
      {
        "text": "albero",
        "meta": "@sys.last-name",
        "alias": "last-name",
        "userDefined": false
      }
    ],
    "isTemplate": false,
    "count": 0,
    "lang": "it",
    "updated": 0
  },
  {
    "id": "e6db08dd-0265-46d8-9c75-203ef9422ab3",
    "data": [
      {
        "text": "Che cos\u0027è ",
        "userDefined": false
      },
      {
        "text": "la",
        "meta": "@sys.location",
        "alias": "location",
        "userDefined": false
      },
      {
        "text": " directory corrente?",
        "userDefined": false
      }
    ],
    "isTemplate": false,
    "count": 0,
    "lang": "it",
    "updated": 0
  },
  {
    "id": "aeb91281-a929-4695-8475-055ad9e93468",
    "data": [
      {
        "text": "Fai ",
        "userDefined": false
      },
      {
        "text": "un",
        "meta": "@sys.number",
        "alias": "number",
        "userDefined": false
      },
      {
        "text": " esempio ",
        "userDefined": false
      },
      {
        "text": "di",
        "meta": "@Chapter",
        "alias": "chapter",
        "userDefined": false
      },
      {
        "text": " organizzazione gerarchica ",
        "userDefined": false
      },
      {
        "text": "delle",
        "meta": "@Chapter",
        "alias": "chapter1",
        "userDefined": false
      },
      {
        "text": " directory",
        "userDefined": false
      }
    ],
    "isTemplate": false,
    "count": 0,
    "lang": "it",
    "updated": 0
  },
  {
    "id": "af056145-718f-459f-92d6-d57ecc32db42",
    "data": [
      {
        "text": "Cosa sono i pathname assoluti e relativi?",
        "userDefined": false
      }
    ],
    "isTemplate": false,
    "count": 0,
    "lang": "it",
    "updated": 0
  },
  {
    "id": "6e4fffcd-9e4c-45f6-95be-cc445a12ef93",
    "data": [
      {
        "text": "Come funziona ",
        "userDefined": false
      },
      {
        "text": "una",
        "meta": "@sys.number",
        "alias": "number",
        "userDefined": false
      },
      {
        "text": " directory ad ",
        "userDefined": false
      },
      {
        "text": "albero",
        "meta": "@sys.last-name",
        "alias": "last-name",
        "userDefined": false
      },
      {
        "text": "?",
        "userDefined": false
      }
    ],
    "isTemplate": false,
    "count": 0,
    "lang": "it",
    "updated": 0
  }
]