[
  {
    "value": "ls",
    "synonyms": [
      "ls",
      "list",
      "elenco file",
      "ls -l",
      "ls -a"
    ]
  },
  {
    "value": "grep",
    "synonyms": [
      "filtra testo",
      "cerca pattern",
      "grep"
    ]
  },
  {
    "value": "chmod",
    "synonyms": [
      "chmod",
      "cambia permessi",
      "modifica diritti"
    ]
  },
  {
    "value": "ps",
    "synonyms": [
      "ps",
      "process status",
      "stato processi",
      "ps -elf"
    ]
  },
  {
    "value": "kill",
    "synonyms": [
      "kill",
      "termina processo",
      "kill -9"
    ]
  }
]