[
  {
    "value": "Ready",
    "synonyms": [
      "R",
      "ready",
      "pronto"
    ]
  },
  {
    "value": "Sospoeso",
    "synonyms": [
      "S",
      "Sleeping",
      "sospeso",
      "in attesa"
    ]
  },
  {
    "value": "Zombie",
    "synonyms": [
      "Z",
      "z",
      "zombie",
      "processo defunto"
    ]
  },
  {
    "value": "Swapped",
    "synonyms": [
      "Swapped",
      "swapped",
      "sfrattato"
    ]
  },
  {
    "value": "terminated",
    "synonyms": [
      "T",
      "t",
      "terminated",
      "terminato"
    ]
  },
  {
    "value": "IN ESECUZIONE",
    "synonyms": [
      "IN ESECUZIONE",
      "running",
      "in esecuzione"
    ]
  }
]